<metadata xml:lang="en"><Esri><CreaDate>20210723</CreaDate><CreaTime>14003100</CreaTime><ArcGISFormat>1.0</ArcGISFormat><SyncOnce>FALSE</SyncOnce><DataProperties><itemProps><itemName Sync="TRUE">CO_Firebreak_700</itemName><imsContentType Sync="TRUE">002</imsContentType><itemLocation><linkage Sync="TRUE">file://\\BLDLW10HXT4NF2\C$\Users\andolson\Documents\WORKING\WildFire\Data\Temp\CO_Firebreak_700.shp</linkage><protocol Sync="TRUE">Local Area Network</protocol></itemLocation><itemSize Sync="TRUE">0.000</itemSize></itemProps><coordRef><type Sync="TRUE">Geographic</type><geogcsn Sync="TRUE">GCS_WGS_1984</geogcsn><csUnits Sync="TRUE">Angular Unit: Degree (0.017453)</csUnits><peXml Sync="TRUE">&lt;GeographicCoordinateSystem xsi:type='typens:GeographicCoordinateSystem' xmlns:xsi='http://www.w3.org/2001/XMLSchema-instance' xmlns:xs='http://www.w3.org/2001/XMLSchema' xmlns:typens='http://www.esri.com/schemas/ArcGIS/10.7'&gt;&lt;WKT&gt;GEOGCS[&amp;quot;GCS_WGS_1984&amp;quot;,DATUM[&amp;quot;D_WGS_1984&amp;quot;,SPHEROID[&amp;quot;WGS_1984&amp;quot;,6378137.0,298.257223563]],PRIMEM[&amp;quot;Greenwich&amp;quot;,0.0],UNIT[&amp;quot;Degree&amp;quot;,0.0174532925199433],AUTHORITY[&amp;quot;EPSG&amp;quot;,4326]]&lt;/WKT&gt;&lt;XOrigin&gt;-400&lt;/XOrigin&gt;&lt;YOrigin&gt;-400&lt;/YOrigin&gt;&lt;XYScale&gt;11258999068426.238&lt;/XYScale&gt;&lt;ZOrigin&gt;-100000&lt;/ZOrigin&gt;&lt;ZScale&gt;10000&lt;/ZScale&gt;&lt;MOrigin&gt;-100000&lt;/MOrigin&gt;&lt;MScale&gt;10000&lt;/MScale&gt;&lt;XYTolerance&gt;8.983152841195215e-09&lt;/XYTolerance&gt;&lt;ZTolerance&gt;0.001&lt;/ZTolerance&gt;&lt;MTolerance&gt;0.001&lt;/MTolerance&gt;&lt;HighPrecision&gt;true&lt;/HighPrecision&gt;&lt;LeftLongitude&gt;-180&lt;/LeftLongitude&gt;&lt;WKID&gt;4326&lt;/WKID&gt;&lt;LatestWKID&gt;4326&lt;/LatestWKID&gt;&lt;/GeographicCoordinateSystem&gt;</peXml></coordRef><lineage><Process ToolSource="d:\corelogic\arcgis\desktop10.7\ArcToolbox\Toolboxes\Conversion Tools.tbx\FeatureClassToFeatureClass" Date="20210618" Time="125949">FeatureClassToFeatureClass D:\work\Tyler\Firebreak\Grids\Source\CO_FireBreakGrid.shp D:\work\Tyler\Firebreak\Grids\Source\CO_FireBreakGrid.gdb\CO_FireBreakGrid CO_FireBreakGrid # "NHR_FB_ID "NHR_FB_ID" true true false 38 Double 0 38 ,First,#,D:\work\Tyler\Firebreak\Grids\Source\CO_FireBreakGrid.shp,NHR_FB_ID,-1,-1;GRIDID "GRIDID" true true false 20 Text 0 0 ,First,#,D:\work\Tyler\Firebreak\Grids\Source\CO_FireBreakGrid.shp,GRIDID,-1,-1;STATE_ABBR "STATE_ABBR" true true false 2 Text 0 0 ,First,#,D:\work\Tyler\Firebreak\Grids\Source\CO_FireBreakGrid.shp,STATE_ABBR,-1,-1;STATE_CODE "STATE_CODE" true true false 2 Text 0 0 ,First,#,D:\work\Tyler\Firebreak\Grids\Source\CO_FireBreakGrid.shp,STATE_CODE,-1,-1;HH_COUNT "HH_COUNT" true true false 10 Long 0 10 ,First,#,D:\work\Tyler\Firebreak\Grids\Source\CO_FireBreakGrid.shp,HH_COUNT,-1,-1;DT_COUNT "DT_COUNT" true true false 10 Long 0 10 ,First,#,D:\work\Tyler\Firebreak\Grids\Source\CO_FireBreakGrid.shp,DT_COUNT,-1,-1;SF_COUNT "SF_COUNT" true true false 10 Long 0 10 ,First,#,D:\work\Tyler\Firebreak\Grids\Source\CO_FireBreakGrid.shp,SF_COUNT,-1,-1;MF_COUNT "MF_COUNT" true true false 10 Long 0 10 ,First,#,D:\work\Tyler\Firebreak\Grids\Source\CO_FireBreakGrid.shp,MF_COUNT,-1,-1;MFMULTIPLY "MFMULTIPLY" true true false 10 Long 0 10 ,First,#,D:\work\Tyler\Firebreak\Grids\Source\CO_FireBreakGrid.shp,MFMULTIPLY,-1,-1;MFADDTHREE "MFADDTHREE" true true false 10 Long 0 10 ,First,#,D:\work\Tyler\Firebreak\Grids\Source\CO_FireBreakGrid.shp,MFADDTHREE,-1,-1;UNR_COUNT "UNR_COUNT" true true false 10 Long 0 10 ,First,#,D:\work\Tyler\Firebreak\Grids\Source\CO_FireBreakGrid.shp,UNR_COUNT,-1,-1;AG_COUNT "AG_COUNT" true true false 10 Long 0 10 ,First,#,D:\work\Tyler\Firebreak\Grids\Source\CO_FireBreakGrid.shp,AG_COUNT,-1,-1;MISC_COUNT "MISC_COUNT" true true false 10 Long 0 10 ,First,#,D:\work\Tyler\Firebreak\Grids\Source\CO_FireBreakGrid.shp,MISC_COUNT,-1,-1;TOTALCOUNT "TOTALCOUNT" true true false 10 Long 0 10 ,First,#,D:\work\Tyler\Firebreak\Grids\Source\CO_FireBreakGrid.shp,TOTALCOUNT,-1,-1;TC_CHANGE "TC_CHANGE" true true false 10 Long 0 10 ,First,#,D:\work\Tyler\Firebreak\Grids\Source\CO_FireBreakGrid.shp,TC_CHANGE,-1,-1;SF_MF_COMB "SF_MF_COMB" true true false 10 Long 0 10 ,First,#,D:\work\Tyler\Firebreak\Grids\Source\CO_FireBreakGrid.shp,SF_MF_COMB,-1,-1;SFMFMUCOMB "SFMFMUCOMB" true true false 10 Long 0 10 ,First,#,D:\work\Tyler\Firebreak\Grids\Source\CO_FireBreakGrid.shp,SFMFMUCOMB,-1,-1;SFMFADCOMB "SFMFADCOMB" true true false 10 Long 0 10 ,First,#,D:\work\Tyler\Firebreak\Grids\Source\CO_FireBreakGrid.shp,SFMFADCOMB,-1,-1;SFMFCHANGE "SFMFCHANGE" true true false 10 Long 0 10 ,First,#,D:\work\Tyler\Firebreak\Grids\Source\CO_FireBreakGrid.shp,SFMFCHANGE,-1,-1;SFMFMUCHAN "SFMFMUCHAN" true true false 10 Long 0 10 ,First,#,D:\work\Tyler\Firebreak\Grids\Source\CO_FireBreakGrid.shp,SFMFMUCHAN,-1,-1;SFMFADCHAN "SFMFADCHAN" true true false 10 Long 0 10 ,First,#,D:\work\Tyler\Firebreak\Grids\Source\CO_FireBreakGrid.shp,SFMFADCHAN,-1,-1;TCMULTIPLY "TCMULTIPLY" true true false 10 Long 0 10 ,First,#,D:\work\Tyler\Firebreak\Grids\Source\CO_FireBreakGrid.shp,TCMULTIPLY,-1,-1;TCADDTHREE "TCADDTHREE" true true false 10 Long 0 10 ,First,#,D:\work\Tyler\Firebreak\Grids\Source\CO_FireBreakGrid.shp,TCADDTHREE,-1,-1;TCM_CHANGE "TCM_CHANGE" true true false 10 Long 0 10 ,First,#,D:\work\Tyler\Firebreak\Grids\Source\CO_FireBreakGrid.shp,TCM_CHANGE,-1,-1;TCA_CHANGE "TCA_CHANGE" true true false 10 Long 0 10 ,First,#,D:\work\Tyler\Firebreak\Grids\Source\CO_FireBreakGrid.shp,TCA_CHANGE,-1,-1;TC_PERCH "TC_PERCH" true true false 10 Double 2 9 ,First,#,D:\work\Tyler\Firebreak\Grids\Source\CO_FireBreakGrid.shp,TC_PERCH,-1,-1;TCM_PERCH "TCM_PERCH" true true false 10 Double 2 9 ,First,#,D:\work\Tyler\Firebreak\Grids\Source\CO_FireBreakGrid.shp,TCM_PERCH,-1,-1;TCA_PERCH "TCA_PERCH" true true false 10 Double 2 9 ,First,#,D:\work\Tyler\Firebreak\Grids\Source\CO_FireBreakGrid.shp,TCA_PERCH,-1,-1;SFMF_PERCH "SFMF_PERCH" true true false 10 Double 2 9 ,First,#,D:\work\Tyler\Firebreak\Grids\Source\CO_FireBreakGrid.shp,SFMF_PERCH,-1,-1;SFMFMUPERC "SFMFMUPERC" true true false 10 Double 2 9 ,First,#,D:\work\Tyler\Firebreak\Grids\Source\CO_FireBreakGrid.shp,SFMFMUPERC,-1,-1;SFMFADPERC "SFMFADPERC" true true false 10 Double 2 9 ,First,#,D:\work\Tyler\Firebreak\Grids\Source\CO_FireBreakGrid.shp,SFMFADPERC,-1,-1" #</Process><Process ToolSource="d:\corelogic\arcgis\desktop10.7\ArcToolbox\Toolboxes\Data Management Tools.tbx\AddField" Date="20210618" Time="125950">AddField D:\work\Tyler\Firebreak\Grids\Source\CO_FireBreakGrid.gdb\CO_FireBreakGrid\CO_FireBreakGrid STATE TEXT # # 30 # NULLABLE NON_REQUIRED #</Process><Process ToolSource="d:\corelogic\arcgis\desktop10.7\ArcToolbox\Toolboxes\Data Management Tools.tbx\AddField" Date="20210618" Time="125950">AddField D:\work\Tyler\Firebreak\Grids\Source\CO_FireBreakGrid.gdb\CO_FireBreakGrid\CO_FireBreakGrid BREAK_NAME TEXT # # 30 # NULLABLE NON_REQUIRED #</Process><Process ToolSource="d:\corelogic\arcgis\desktop10.7\ArcToolbox\Toolboxes\Data Management Tools.tbx\AddField" Date="20210618" Time="125951">AddField D:\work\Tyler\Firebreak\Grids\Source\CO_FireBreakGrid.gdb\CO_FireBreakGrid\CO_FireBreakGrid RISK_VALUE SHORT # # 5 # NULLABLE NON_REQUIRED #</Process><Process ToolSource="d:\corelogic\arcgis\desktop10.7\ArcToolbox\Toolboxes\Data Management Tools.tbx\CalculateField" Date="20210618" Time="132844">CalculateField D:\work\Tyler\Firebreak\Grids\Source\CO_FireBreakGrid.gdb\CO_FireBreakGrid\CO_FireBreakGrid STATE calcfield(!STATE_ABBR!) PYTHON "def calcfield(STATE_ABBR):\n        if STATE_ABBR == "AK":\n            return "Alaska"\n        elif STATE_ABBR == "AZ":\n            return "Arizona"\n        elif STATE_ABBR == "CA":\n            return "California"\n        elif STATE_ABBR == "CO":\n            return "Colorado"\n        elif STATE_ABBR == "FL":\n            return "Florida"\n        elif STATE_ABBR == "ID":\n            return "Idaho"\n        elif STATE_ABBR == "MT":\n            return "Montana"\n        elif STATE_ABBR == "NM":\n            return "New Mexico"\n        elif STATE_ABBR == "NV":\n            return "Nevada"\n        elif STATE_ABBR == "OK":\n            return "Oklahoma"\n        elif STATE_ABBR == "OR":\n            return "Oregon"\n        elif STATE_ABBR == "TX":\n            return "Texas"\n        elif STATE_ABBR == "UT":\n            return "Utah"\n        elif STATE_ABBR == "WA":\n            return "Washington"\n        elif STATE_ABBR == "WY":\n            return "Wyoming"\n        "</Process><Process ToolSource="d:\corelogic\arcgis\desktop10.7\ArcToolbox\Toolboxes\Conversion Tools.tbx\FeatureClassToFeatureClass" Date="20210618" Time="141135">FeatureClassToFeatureClass D:\work\Tyler\Firebreak\Grids\Source\CO_FireBreakGrid.gdb\CO_FireBreakGrid\CO_FireBreakGrid D:\work\Tyler\Firebreak\Grids\Source\CO_FireBreakGrid.gdb\CO_FireBreakGrid \CO_FB_0 "TCMULTIPLY = 0" "NHR_FB_ID "NHR_FB_ID" true true false 8 Double 0 0 ,First,#,D:\work\Tyler\Firebreak\Grids\Source\CO_FireBreakGrid.gdb\CO_FireBreakGrid\CO_FireBreakGrid,NHR_FB_ID,-1,-1;GRIDID "GRIDID" true true false 20 Text 0 0 ,First,#,D:\work\Tyler\Firebreak\Grids\Source\CO_FireBreakGrid.gdb\CO_FireBreakGrid\CO_FireBreakGrid,GRIDID,-1,-1;STATE_ABBR "STATE_ABBR" true true false 2 Text 0 0 ,First,#,D:\work\Tyler\Firebreak\Grids\Source\CO_FireBreakGrid.gdb\CO_FireBreakGrid\CO_FireBreakGrid,STATE_ABBR,-1,-1;STATE_CODE "STATE_CODE" true true false 2 Text 0 0 ,First,#,D:\work\Tyler\Firebreak\Grids\Source\CO_FireBreakGrid.gdb\CO_FireBreakGrid\CO_FireBreakGrid,STATE_CODE,-1,-1;HH_COUNT "HH_COUNT" true true false 4 Long 0 0 ,First,#,D:\work\Tyler\Firebreak\Grids\Source\CO_FireBreakGrid.gdb\CO_FireBreakGrid\CO_FireBreakGrid,HH_COUNT,-1,-1;DT_COUNT "DT_COUNT" true true false 4 Long 0 0 ,First,#,D:\work\Tyler\Firebreak\Grids\Source\CO_FireBreakGrid.gdb\CO_FireBreakGrid\CO_FireBreakGrid,DT_COUNT,-1,-1;SF_COUNT "SF_COUNT" true true false 4 Long 0 0 ,First,#,D:\work\Tyler\Firebreak\Grids\Source\CO_FireBreakGrid.gdb\CO_FireBreakGrid\CO_FireBreakGrid,SF_COUNT,-1,-1;MF_COUNT "MF_COUNT" true true false 4 Long 0 0 ,First,#,D:\work\Tyler\Firebreak\Grids\Source\CO_FireBreakGrid.gdb\CO_FireBreakGrid\CO_FireBreakGrid,MF_COUNT,-1,-1;MFMULTIPLY "MFMULTIPLY" true true false 4 Long 0 0 ,First,#,D:\work\Tyler\Firebreak\Grids\Source\CO_FireBreakGrid.gdb\CO_FireBreakGrid\CO_FireBreakGrid,MFMULTIPLY,-1,-1;MFADDTHREE "MFADDTHREE" true true false 4 Long 0 0 ,First,#,D:\work\Tyler\Firebreak\Grids\Source\CO_FireBreakGrid.gdb\CO_FireBreakGrid\CO_FireBreakGrid,MFADDTHREE,-1,-1;UNR_COUNT "UNR_COUNT" true true false 4 Long 0 0 ,First,#,D:\work\Tyler\Firebreak\Grids\Source\CO_FireBreakGrid.gdb\CO_FireBreakGrid\CO_FireBreakGrid,UNR_COUNT,-1,-1;AG_COUNT "AG_COUNT" true true false 4 Long 0 0 ,First,#,D:\work\Tyler\Firebreak\Grids\Source\CO_FireBreakGrid.gdb\CO_FireBreakGrid\CO_FireBreakGrid,AG_COUNT,-1,-1;MISC_COUNT "MISC_COUNT" true true false 4 Long 0 0 ,First,#,D:\work\Tyler\Firebreak\Grids\Source\CO_FireBreakGrid.gdb\CO_FireBreakGrid\CO_FireBreakGrid,MISC_COUNT,-1,-1;TOTALCOUNT "TOTALCOUNT" true true false 4 Long 0 0 ,First,#,D:\work\Tyler\Firebreak\Grids\Source\CO_FireBreakGrid.gdb\CO_FireBreakGrid\CO_FireBreakGrid,TOTALCOUNT,-1,-1;TC_CHANGE "TC_CHANGE" true true false 4 Long 0 0 ,First,#,D:\work\Tyler\Firebreak\Grids\Source\CO_FireBreakGrid.gdb\CO_FireBreakGrid\CO_FireBreakGrid,TC_CHANGE,-1,-1;SF_MF_COMB "SF_MF_COMB" true true false 4 Long 0 0 ,First,#,D:\work\Tyler\Firebreak\Grids\Source\CO_FireBreakGrid.gdb\CO_FireBreakGrid\CO_FireBreakGrid,SF_MF_COMB,-1,-1;SFMFMUCOMB "SFMFMUCOMB" true true false 4 Long 0 0 ,First,#,D:\work\Tyler\Firebreak\Grids\Source\CO_FireBreakGrid.gdb\CO_FireBreakGrid\CO_FireBreakGrid,SFMFMUCOMB,-1,-1;SFMFADCOMB "SFMFADCOMB" true true false 4 Long 0 0 ,First,#,D:\work\Tyler\Firebreak\Grids\Source\CO_FireBreakGrid.gdb\CO_FireBreakGrid\CO_FireBreakGrid,SFMFADCOMB,-1,-1;SFMFCHANGE "SFMFCHANGE" true true false 4 Long 0 0 ,First,#,D:\work\Tyler\Firebreak\Grids\Source\CO_FireBreakGrid.gdb\CO_FireBreakGrid\CO_FireBreakGrid,SFMFCHANGE,-1,-1;SFMFMUCHAN "SFMFMUCHAN" true true false 4 Long 0 0 ,First,#,D:\work\Tyler\Firebreak\Grids\Source\CO_FireBreakGrid.gdb\CO_FireBreakGrid\CO_FireBreakGrid,SFMFMUCHAN,-1,-1;SFMFADCHAN "SFMFADCHAN" true true false 4 Long 0 0 ,First,#,D:\work\Tyler\Firebreak\Grids\Source\CO_FireBreakGrid.gdb\CO_FireBreakGrid\CO_FireBreakGrid,SFMFADCHAN,-1,-1;TCMULTIPLY "TCMULTIPLY" true true false 4 Long 0 0 ,First,#,D:\work\Tyler\Firebreak\Grids\Source\CO_FireBreakGrid.gdb\CO_FireBreakGrid\CO_FireBreakGrid,TCMULTIPLY,-1,-1;TCADDTHREE "TCADDTHREE" true true false 4 Long 0 0 ,First,#,D:\work\Tyler\Firebreak\Grids\Source\CO_FireBreakGrid.gdb\CO_FireBreakGrid\CO_FireBreakGrid,TCADDTHREE,-1,-1;TCM_CHANGE "TCM_CHANGE" true true false 4 Long 0 0 ,First,#,D:\work\Tyler\Firebreak\Grids\Source\CO_FireBreakGrid.gdb\CO_FireBreakGrid\CO_FireBreakGrid,TCM_CHANGE,-1,-1;TCA_CHANGE "TCA_CHANGE" true true false 4 Long 0 0 ,First,#,D:\work\Tyler\Firebreak\Grids\Source\CO_FireBreakGrid.gdb\CO_FireBreakGrid\CO_FireBreakGrid,TCA_CHANGE,-1,-1;TC_PERCH "TC_PERCH" true true false 8 Double 0 0 ,First,#,D:\work\Tyler\Firebreak\Grids\Source\CO_FireBreakGrid.gdb\CO_FireBreakGrid\CO_FireBreakGrid,TC_PERCH,-1,-1;TCM_PERCH "TCM_PERCH" true true false 8 Double 0 0 ,First,#,D:\work\Tyler\Firebreak\Grids\Source\CO_FireBreakGrid.gdb\CO_FireBreakGrid\CO_FireBreakGrid,TCM_PERCH,-1,-1;TCA_PERCH "TCA_PERCH" true true false 8 Double 0 0 ,First,#,D:\work\Tyler\Firebreak\Grids\Source\CO_FireBreakGrid.gdb\CO_FireBreakGrid\CO_FireBreakGrid,TCA_PERCH,-1,-1;SFMF_PERCH "SFMF_PERCH" true true false 8 Double 0 0 ,First,#,D:\work\Tyler\Firebreak\Grids\Source\CO_FireBreakGrid.gdb\CO_FireBreakGrid\CO_FireBreakGrid,SFMF_PERCH,-1,-1;SFMFMUPERC "SFMFMUPERC" true true false 8 Double 0 0 ,First,#,D:\work\Tyler\Firebreak\Grids\Source\CO_FireBreakGrid.gdb\CO_FireBreakGrid\CO_FireBreakGrid,SFMFMUPERC,-1,-1;SFMFADPERC "SFMFADPERC" true true false 8 Double 0 0 ,First,#,D:\work\Tyler\Firebreak\Grids\Source\CO_FireBreakGrid.gdb\CO_FireBreakGrid\CO_FireBreakGrid,SFMFADPERC,-1,-1;Shape_Length "Shape_Length" false true true 8 Double 0 0 ,First,#,D:\work\Tyler\Firebreak\Grids\Source\CO_FireBreakGrid.gdb\CO_FireBreakGrid\CO_FireBreakGrid,Shape_Length,-1,-1;Shape_Area "Shape_Area" false true true 8 Double 0 0 ,First,#,D:\work\Tyler\Firebreak\Grids\Source\CO_FireBreakGrid.gdb\CO_FireBreakGrid\CO_FireBreakGrid,Shape_Area,-1,-1;STATE "STATE" true true false 30 Text 0 0 ,First,#,D:\work\Tyler\Firebreak\Grids\Source\CO_FireBreakGrid.gdb\CO_FireBreakGrid\CO_FireBreakGrid,STATE,-1,-1;BREAK_NAME "BREAK_NAME" true true false 30 Text 0 0 ,First,#,D:\work\Tyler\Firebreak\Grids\Source\CO_FireBreakGrid.gdb\CO_FireBreakGrid\CO_FireBreakGrid,BREAK_NAME,-1,-1;RISK_VALUE "RISK_VALUE" true true false 2 Short 0 0 ,First,#,D:\work\Tyler\Firebreak\Grids\Source\CO_FireBreakGrid.gdb\CO_FireBreakGrid\CO_FireBreakGrid,RISK_VALUE,-1,-1" #</Process><Process ToolSource="d:\corelogic\arcgis\desktop10.7\ArcToolbox\Toolboxes\Data Management Tools.tbx\AddField" Date="20210618" Time="141136">AddField D:\work\Tyler\Firebreak\Grids\Source\CO_FireBreakGrid.gdb\CO_FireBreakGrid\CO_FB_0 FLAG TEXT # # 25 # NULLABLE NON_REQUIRED #</Process><Process ToolSource="d:\corelogic\arcgis\desktop10.7\ArcToolbox\Toolboxes\Data Management Tools.tbx\CalculateField" Date="20210618" Time="145118">CalculateField Outgrid_lyr BREAK_NAME "Urban Non-Residential" VB #</Process><Process ToolSource="d:\corelogic\arcgis\desktop10.7\ArcToolbox\Toolboxes\Data Management Tools.tbx\CalculateField" Date="20210618" Time="145120">CalculateField Outgrid_lyr RISK_VALUE 7 VB #</Process><Process ToolSource="d:\corelogic\arcgis\desktop10.7\ArcToolbox\Toolboxes\Data Management Tools.tbx\CalculateField" Date="20210618" Time="145209">CalculateField Outgrid_lyr BREAK_NAME "Urban Non-Residential" VB #</Process><Process ToolSource="d:\corelogic\arcgis\desktop10.7\ArcToolbox\Toolboxes\Data Management Tools.tbx\CalculateField" Date="20210618" Time="145210">CalculateField Outgrid_lyr RISK_VALUE 7 VB #</Process><Process ToolSource="d:\corelogic\arcgis\desktop10.7\ArcToolbox\Toolboxes\Data Management Tools.tbx\CalculateField" Date="20210618" Time="145246">CalculateField Outgrid_lyr BREAK_NAME "ToAssign(Parks&lt;100)" VB #</Process><Process ToolSource="d:\corelogic\arcgis\desktop10.7\ArcToolbox\Toolboxes\Data Management Tools.tbx\CalculateField" Date="20210618" Time="145246">CalculateField Outgrid_lyr FLAG "Review" VB #</Process><Process ToolSource="d:\corelogic\arcgis\desktop10.7\ArcToolbox\Toolboxes\Data Management Tools.tbx\CopyFeatures" Date="20210618" Time="153824">CopyFeatures Outgrid_lyr D:\work\Tyler\Firebreak\Grids\Source\CO_FireBreakGrid.gdb\CO_FireBreakGrid\CO_FB_Still0 # 0 0 0</Process><Process ToolSource="d:\corelogic\arcgis\desktop10.7\ArcToolbox\Toolboxes\Data Management Tools.tbx\CopyFeatures" Date="20210618" Time="162315">CopyFeatures FB_Still0_lyr D:\work\Tyler\Firebreak\Grids\Source\CO_FireBreakGrid.gdb\CO_FireBreakGrid\CO_FB_Still0_DontElim # 0 0 0</Process><Process ToolSource="d:\corelogic\arcgis\desktop10.7\ArcToolbox\Toolboxes\Data Management Tools.tbx\CalculateField" Date="20210618" Time="171218">CalculateField DontElim_lyr BREAK_NAME "Agriculture" VB #</Process><Process ToolSource="d:\corelogic\arcgis\desktop10.7\ArcToolbox\Toolboxes\Data Management Tools.tbx\CalculateField" Date="20210618" Time="172051">CalculateField DontElim_lyr RISK_VALUE 1 VB #</Process><Process ToolSource="d:\corelogic\arcgis\desktop10.7\ArcToolbox\Toolboxes\Data Management Tools.tbx\Merge" Date="20210618" Time="181454">Merge D:\work\Tyler\Firebreak\Grids\Source\CO_FireBreakGrid.gdb\CO_FireBreakGrid\CO_FB_Still0_DontElim;D:\work\Tyler\Firebreak\Grids\Source\CO_FireBreakGrid.gdb\CO_FireBreakGrid\CO_FB_ElimD2 D:\work\Tyler\Firebreak\Grids\Source\CO_FireBreakGrid.gdb\CO_FireBreakGrid\CO_FB_NeedsWater "NHR_FB_ID "NHR_FB_ID" true true false 8 Double 0 0 ,First,#,D:\work\Tyler\Firebreak\Grids\Source\CO_FireBreakGrid.gdb\CO_FireBreakGrid\CO_FB_Still0_DontElim,NHR_FB_ID,-1,-1,D:\work\Tyler\Firebreak\Grids\Source\CO_FireBreakGrid.gdb\CO_FireBreakGrid\CO_FB_ElimD2,NHR_FB_ID,-1,-1;GRIDID "GRIDID" true true false 20 Text 0 0 ,First,#,D:\work\Tyler\Firebreak\Grids\Source\CO_FireBreakGrid.gdb\CO_FireBreakGrid\CO_FB_Still0_DontElim,GRIDID,-1,-1,D:\work\Tyler\Firebreak\Grids\Source\CO_FireBreakGrid.gdb\CO_FireBreakGrid\CO_FB_ElimD2,GRIDID,-1,-1;STATE_ABBR "STATE_ABBR" true true false 2 Text 0 0 ,First,#,D:\work\Tyler\Firebreak\Grids\Source\CO_FireBreakGrid.gdb\CO_FireBreakGrid\CO_FB_Still0_DontElim,STATE_ABBR,-1,-1,D:\work\Tyler\Firebreak\Grids\Source\CO_FireBreakGrid.gdb\CO_FireBreakGrid\CO_FB_ElimD2,STATE_ABBR,-1,-1;STATE_CODE "STATE_CODE" true true false 2 Text 0 0 ,First,#,D:\work\Tyler\Firebreak\Grids\Source\CO_FireBreakGrid.gdb\CO_FireBreakGrid\CO_FB_Still0_DontElim,STATE_CODE,-1,-1,D:\work\Tyler\Firebreak\Grids\Source\CO_FireBreakGrid.gdb\CO_FireBreakGrid\CO_FB_ElimD2,STATE_CODE,-1,-1;HH_COUNT "HH_COUNT" true true false 4 Long 0 0 ,First,#,D:\work\Tyler\Firebreak\Grids\Source\CO_FireBreakGrid.gdb\CO_FireBreakGrid\CO_FB_Still0_DontElim,HH_COUNT,-1,-1,D:\work\Tyler\Firebreak\Grids\Source\CO_FireBreakGrid.gdb\CO_FireBreakGrid\CO_FB_ElimD2,HH_COUNT,-1,-1;DT_COUNT "DT_COUNT" true true false 4 Long 0 0 ,First,#,D:\work\Tyler\Firebreak\Grids\Source\CO_FireBreakGrid.gdb\CO_FireBreakGrid\CO_FB_Still0_DontElim,DT_COUNT,-1,-1,D:\work\Tyler\Firebreak\Grids\Source\CO_FireBreakGrid.gdb\CO_FireBreakGrid\CO_FB_ElimD2,DT_COUNT,-1,-1;SF_COUNT "SF_COUNT" true true false 4 Long 0 0 ,First,#,D:\work\Tyler\Firebreak\Grids\Source\CO_FireBreakGrid.gdb\CO_FireBreakGrid\CO_FB_Still0_DontElim,SF_COUNT,-1,-1,D:\work\Tyler\Firebreak\Grids\Source\CO_FireBreakGrid.gdb\CO_FireBreakGrid\CO_FB_ElimD2,SF_COUNT,-1,-1;MF_COUNT "MF_COUNT" true true false 4 Long 0 0 ,First,#,D:\work\Tyler\Firebreak\Grids\Source\CO_FireBreakGrid.gdb\CO_FireBreakGrid\CO_FB_Still0_DontElim,MF_COUNT,-1,-1,D:\work\Tyler\Firebreak\Grids\Source\CO_FireBreakGrid.gdb\CO_FireBreakGrid\CO_FB_ElimD2,MF_COUNT,-1,-1;MFMULTIPLY "MFMULTIPLY" true true false 4 Long 0 0 ,First,#,D:\work\Tyler\Firebreak\Grids\Source\CO_FireBreakGrid.gdb\CO_FireBreakGrid\CO_FB_Still0_DontElim,MFMULTIPLY,-1,-1,D:\work\Tyler\Firebreak\Grids\Source\CO_FireBreakGrid.gdb\CO_FireBreakGrid\CO_FB_ElimD2,MFMULTIPLY,-1,-1;MFADDTHREE "MFADDTHREE" true true false 4 Long 0 0 ,First,#,D:\work\Tyler\Firebreak\Grids\Source\CO_FireBreakGrid.gdb\CO_FireBreakGrid\CO_FB_Still0_DontElim,MFADDTHREE,-1,-1,D:\work\Tyler\Firebreak\Grids\Source\CO_FireBreakGrid.gdb\CO_FireBreakGrid\CO_FB_ElimD2,MFADDTHREE,-1,-1;UNR_COUNT "UNR_COUNT" true true false 4 Long 0 0 ,First,#,D:\work\Tyler\Firebreak\Grids\Source\CO_FireBreakGrid.gdb\CO_FireBreakGrid\CO_FB_Still0_DontElim,UNR_COUNT,-1,-1,D:\work\Tyler\Firebreak\Grids\Source\CO_FireBreakGrid.gdb\CO_FireBreakGrid\CO_FB_ElimD2,UNR_COUNT,-1,-1;AG_COUNT "AG_COUNT" true true false 4 Long 0 0 ,First,#,D:\work\Tyler\Firebreak\Grids\Source\CO_FireBreakGrid.gdb\CO_FireBreakGrid\CO_FB_Still0_DontElim,AG_COUNT,-1,-1,D:\work\Tyler\Firebreak\Grids\Source\CO_FireBreakGrid.gdb\CO_FireBreakGrid\CO_FB_ElimD2,AG_COUNT,-1,-1;MISC_COUNT "MISC_COUNT" true true false 4 Long 0 0 ,First,#,D:\work\Tyler\Firebreak\Grids\Source\CO_FireBreakGrid.gdb\CO_FireBreakGrid\CO_FB_Still0_DontElim,MISC_COUNT,-1,-1,D:\work\Tyler\Firebreak\Grids\Source\CO_FireBreakGrid.gdb\CO_FireBreakGrid\CO_FB_ElimD2,MISC_COUNT,-1,-1;TOTALCOUNT "TOTALCOUNT" true true false 4 Long 0 0 ,First,#,D:\work\Tyler\Firebreak\Grids\Source\CO_FireBreakGrid.gdb\CO_FireBreakGrid\CO_FB_Still0_DontElim,TOTALCOUNT,-1,-1,D:\work\Tyler\Firebreak\Grids\Source\CO_FireBreakGrid.gdb\CO_FireBreakGrid\CO_FB_ElimD2,TOTALCOUNT,-1,-1;TC_CHANGE "TC_CHANGE" true true false 4 Long 0 0 ,First,#,D:\work\Tyler\Firebreak\Grids\Source\CO_FireBreakGrid.gdb\CO_FireBreakGrid\CO_FB_Still0_DontElim,TC_CHANGE,-1,-1,D:\work\Tyler\Firebreak\Grids\Source\CO_FireBreakGrid.gdb\CO_FireBreakGrid\CO_FB_ElimD2,TC_CHANGE,-1,-1;SF_MF_COMB "SF_MF_COMB" true true false 4 Long 0 0 ,First,#,D:\work\Tyler\Firebreak\Grids\Source\CO_FireBreakGrid.gdb\CO_FireBreakGrid\CO_FB_Still0_DontElim,SF_MF_COMB,-1,-1,D:\work\Tyler\Firebreak\Grids\Source\CO_FireBreakGrid.gdb\CO_FireBreakGrid\CO_FB_ElimD2,SF_MF_COMB,-1,-1;SFMFMUCOMB "SFMFMUCOMB" true true false 4 Long 0 0 ,First,#,D:\work\Tyler\Firebreak\Grids\Source\CO_FireBreakGrid.gdb\CO_FireBreakGrid\CO_FB_Still0_DontElim,SFMFMUCOMB,-1,-1,D:\work\Tyler\Firebreak\Grids\Source\CO_FireBreakGrid.gdb\CO_FireBreakGrid\CO_FB_ElimD2,SFMFMUCOMB,-1,-1;SFMFADCOMB "SFMFADCOMB" true true false 4 Long 0 0 ,First,#,D:\work\Tyler\Firebreak\Grids\Source\CO_FireBreakGrid.gdb\CO_FireBreakGrid\CO_FB_Still0_DontElim,SFMFADCOMB,-1,-1,D:\work\Tyler\Firebreak\Grids\Source\CO_FireBreakGrid.gdb\CO_FireBreakGrid\CO_FB_ElimD2,SFMFADCOMB,-1,-1;SFMFCHANGE "SFMFCHANGE" true true false 4 Long 0 0 ,First,#,D:\work\Tyler\Firebreak\Grids\Source\CO_FireBreakGrid.gdb\CO_FireBreakGrid\CO_FB_Still0_DontElim,SFMFCHANGE,-1,-1,D:\work\Tyler\Firebreak\Grids\Source\CO_FireBreakGrid.gdb\CO_FireBreakGrid\CO_FB_ElimD2,SFMFCHANGE,-1,-1;SFMFMUCHAN "SFMFMUCHAN" true true false 4 Long 0 0 ,First,#,D:\work\Tyler\Firebreak\Grids\Source\CO_FireBreakGrid.gdb\CO_FireBreakGrid\CO_FB_Still0_DontElim,SFMFMUCHAN,-1,-1,D:\work\Tyler\Firebreak\Grids\Source\CO_FireBreakGrid.gdb\CO_FireBreakGrid\CO_FB_ElimD2,SFMFMUCHAN,-1,-1;SFMFADCHAN "SFMFADCHAN" true true false 4 Long 0 0 ,First,#,D:\work\Tyler\Firebreak\Grids\Source\CO_FireBreakGrid.gdb\CO_FireBreakGrid\CO_FB_Still0_DontElim,SFMFADCHAN,-1,-1,D:\work\Tyler\Firebreak\Grids\Source\CO_FireBreakGrid.gdb\CO_FireBreakGrid\CO_FB_ElimD2,SFMFADCHAN,-1,-1;TCMULTIPLY "TCMULTIPLY" true true false 4 Long 0 0 ,First,#,D:\work\Tyler\Firebreak\Grids\Source\CO_FireBreakGrid.gdb\CO_FireBreakGrid\CO_FB_Still0_DontElim,TCMULTIPLY,-1,-1,D:\work\Tyler\Firebreak\Grids\Source\CO_FireBreakGrid.gdb\CO_FireBreakGrid\CO_FB_ElimD2,TCMULTIPLY,-1,-1;TCADDTHREE "TCADDTHREE" true true false 4 Long 0 0 ,First,#,D:\work\Tyler\Firebreak\Grids\Source\CO_FireBreakGrid.gdb\CO_FireBreakGrid\CO_FB_Still0_DontElim,TCADDTHREE,-1,-1,D:\work\Tyler\Firebreak\Grids\Source\CO_FireBreakGrid.gdb\CO_FireBreakGrid\CO_FB_ElimD2,TCADDTHREE,-1,-1;TCM_CHANGE "TCM_CHANGE" true true false 4 Long 0 0 ,First,#,D:\work\Tyler\Firebreak\Grids\Source\CO_FireBreakGrid.gdb\CO_FireBreakGrid\CO_FB_Still0_DontElim,TCM_CHANGE,-1,-1,D:\work\Tyler\Firebreak\Grids\Source\CO_FireBreakGrid.gdb\CO_FireBreakGrid\CO_FB_ElimD2,TCM_CHANGE,-1,-1;TCA_CHANGE "TCA_CHANGE" true true false 4 Long 0 0 ,First,#,D:\work\Tyler\Firebreak\Grids\Source\CO_FireBreakGrid.gdb\CO_FireBreakGrid\CO_FB_Still0_DontElim,TCA_CHANGE,-1,-1,D:\work\Tyler\Firebreak\Grids\Source\CO_FireBreakGrid.gdb\CO_FireBreakGrid\CO_FB_ElimD2,TCA_CHANGE,-1,-1;TC_PERCH "TC_PERCH" true true false 8 Double 0 0 ,First,#,D:\work\Tyler\Firebreak\Grids\Source\CO_FireBreakGrid.gdb\CO_FireBreakGrid\CO_FB_Still0_DontElim,TC_PERCH,-1,-1,D:\work\Tyler\Firebreak\Grids\Source\CO_FireBreakGrid.gdb\CO_FireBreakGrid\CO_FB_ElimD2,TC_PERCH,-1,-1;TCM_PERCH "TCM_PERCH" true true false 8 Double 0 0 ,First,#,D:\work\Tyler\Firebreak\Grids\Source\CO_FireBreakGrid.gdb\CO_FireBreakGrid\CO_FB_Still0_DontElim,TCM_PERCH,-1,-1,D:\work\Tyler\Firebreak\Grids\Source\CO_FireBreakGrid.gdb\CO_FireBreakGrid\CO_FB_ElimD2,TCM_PERCH,-1,-1;TCA_PERCH "TCA_PERCH" true true false 8 Double 0 0 ,First,#,D:\work\Tyler\Firebreak\Grids\Source\CO_FireBreakGrid.gdb\CO_FireBreakGrid\CO_FB_Still0_DontElim,TCA_PERCH,-1,-1,D:\work\Tyler\Firebreak\Grids\Source\CO_FireBreakGrid.gdb\CO_FireBreakGrid\CO_FB_ElimD2,TCA_PERCH,-1,-1;SFMF_PERCH "SFMF_PERCH" true true false 8 Double 0 0 ,First,#,D:\work\Tyler\Firebreak\Grids\Source\CO_FireBreakGrid.gdb\CO_FireBreakGrid\CO_FB_Still0_DontElim,SFMF_PERCH,-1,-1,D:\work\Tyler\Firebreak\Grids\Source\CO_FireBreakGrid.gdb\CO_FireBreakGrid\CO_FB_ElimD2,SFMF_PERCH,-1,-1;SFMFMUPERC "SFMFMUPERC" true true false 8 Double 0 0 ,First,#,D:\work\Tyler\Firebreak\Grids\Source\CO_FireBreakGrid.gdb\CO_FireBreakGrid\CO_FB_Still0_DontElim,SFMFMUPERC,-1,-1,D:\work\Tyler\Firebreak\Grids\Source\CO_FireBreakGrid.gdb\CO_FireBreakGrid\CO_FB_ElimD2,SFMFMUPERC,-1,-1;SFMFADPERC "SFMFADPERC" true true false 8 Double 0 0 ,First,#,D:\work\Tyler\Firebreak\Grids\Source\CO_FireBreakGrid.gdb\CO_FireBreakGrid\CO_FB_Still0_DontElim,SFMFADPERC,-1,-1,D:\work\Tyler\Firebreak\Grids\Source\CO_FireBreakGrid.gdb\CO_FireBreakGrid\CO_FB_ElimD2,SFMFADPERC,-1,-1;STATE "STATE" true true false 30 Text 0 0 ,First,#,D:\work\Tyler\Firebreak\Grids\Source\CO_FireBreakGrid.gdb\CO_FireBreakGrid\CO_FB_Still0_DontElim,STATE,-1,-1,D:\work\Tyler\Firebreak\Grids\Source\CO_FireBreakGrid.gdb\CO_FireBreakGrid\CO_FB_ElimD2,STATE,-1,-1;BREAK_NAME "BREAK_NAME" true true false 30 Text 0 0 ,First,#,D:\work\Tyler\Firebreak\Grids\Source\CO_FireBreakGrid.gdb\CO_FireBreakGrid\CO_FB_Still0_DontElim,BREAK_NAME,-1,-1,D:\work\Tyler\Firebreak\Grids\Source\CO_FireBreakGrid.gdb\CO_FireBreakGrid\CO_FB_ElimD2,BREAK_NAME,-1,-1;RISK_VALUE "RISK_VALUE" true true false 2 Short 0 0 ,First,#,D:\work\Tyler\Firebreak\Grids\Source\CO_FireBreakGrid.gdb\CO_FireBreakGrid\CO_FB_Still0_DontElim,RISK_VALUE,-1,-1,D:\work\Tyler\Firebreak\Grids\Source\CO_FireBreakGrid.gdb\CO_FireBreakGrid\CO_FB_ElimD2,RISK_VALUE,-1,-1;FLAG "FLAG" true true false 25 Text 0 0 ,First,#,D:\work\Tyler\Firebreak\Grids\Source\CO_FireBreakGrid.gdb\CO_FireBreakGrid\CO_FB_Still0_DontElim,FLAG,-1,-1,D:\work\Tyler\Firebreak\Grids\Source\CO_FireBreakGrid.gdb\CO_FireBreakGrid\CO_FB_ElimD2,FLAG,-1,-1;Shape_Length "Shape_Length" false true true 8 Double 0 0 ,First,#,D:\work\Tyler\Firebreak\Grids\Source\CO_FireBreakGrid.gdb\CO_FireBreakGrid\CO_FB_Still0_DontElim,Shape_Length,-1,-1,D:\work\Tyler\Firebreak\Grids\Source\CO_FireBreakGrid.gdb\CO_FireBreakGrid\CO_FB_ElimD2,Shape_Length,-1,-1;Shape_Area "Shape_Area" false true true 8 Double 0 0 ,First,#,D:\work\Tyler\Firebreak\Grids\Source\CO_FireBreakGrid.gdb\CO_FireBreakGrid\CO_FB_Still0_DontElim,Shape_Area,-1,-1,D:\work\Tyler\Firebreak\Grids\Source\CO_FireBreakGrid.gdb\CO_FireBreakGrid\CO_FB_ElimD2,Shape_Area,-1,-1"</Process><Process ToolSource="d:\corelogic\arcgis\desktop10.7\ArcToolbox\Toolboxes\Data Management Tools.tbx\CalculateField" Date="20210618" Time="182339">CalculateField FBWater_lyr BREAK_NAME "Water" VB #</Process><Process ToolSource="d:\corelogic\arcgis\desktop10.7\ArcToolbox\Toolboxes\Data Management Tools.tbx\CalculateField" Date="20210618" Time="182340">CalculateField FBWater_lyr RISK_VALUE 8 VB #</Process><Process ToolSource="d:\corelogic\arcgis\desktop10.7\ArcToolbox\Toolboxes\Data Management Tools.tbx\CalculateField" Date="20210618" Time="184024">CalculateField FBWater_lyr BREAK_NAME "Wildland" VB #</Process><Process ToolSource="d:\corelogic\arcgis\desktop10.7\ArcToolbox\Toolboxes\Data Management Tools.tbx\CalculateField" Date="20210618" Time="185624">CalculateField FBWater_lyr RISK_VALUE 9 VB #</Process><Process ToolSource="d:\corelogic\arcgis\desktop10.7\ArcToolbox\Toolboxes\Conversion Tools.tbx\FeatureClassToFeatureClass" Date="20210618" Time="193528">FeatureClassToFeatureClass D:\work\Tyler\Firebreak\Grids\Source\CO_FireBreakGrid.gdb\CO_FireBreakGrid\CO_FB_NeedsWater D:\work\Tyler\Firebreak\Grids\Source\CO_FireBreakGrid.gdb\CO_FireBreakGrid \CO_with_Wildland # "NHR_FB_ID "NHR_FB_ID" true true false 8 Double 0 0 ,First,#,D:\work\Tyler\Firebreak\Grids\Source\CO_FireBreakGrid.gdb\CO_FireBreakGrid\CO_FB_NeedsWater,NHR_FB_ID,-1,-1;GRIDID "GRIDID" true true false 20 Text 0 0 ,First,#,D:\work\Tyler\Firebreak\Grids\Source\CO_FireBreakGrid.gdb\CO_FireBreakGrid\CO_FB_NeedsWater,GRIDID,-1,-1;STATE_ABBR "STATE_ABBR" true true false 2 Text 0 0 ,First,#,D:\work\Tyler\Firebreak\Grids\Source\CO_FireBreakGrid.gdb\CO_FireBreakGrid\CO_FB_NeedsWater,STATE_ABBR,-1,-1;STATE_CODE "STATE_CODE" true true false 2 Text 0 0 ,First,#,D:\work\Tyler\Firebreak\Grids\Source\CO_FireBreakGrid.gdb\CO_FireBreakGrid\CO_FB_NeedsWater,STATE_CODE,-1,-1;HH_COUNT "HH_COUNT" true true false 4 Long 0 0 ,First,#,D:\work\Tyler\Firebreak\Grids\Source\CO_FireBreakGrid.gdb\CO_FireBreakGrid\CO_FB_NeedsWater,HH_COUNT,-1,-1;DT_COUNT "DT_COUNT" true true false 4 Long 0 0 ,First,#,D:\work\Tyler\Firebreak\Grids\Source\CO_FireBreakGrid.gdb\CO_FireBreakGrid\CO_FB_NeedsWater,DT_COUNT,-1,-1;SF_COUNT "SF_COUNT" true true false 4 Long 0 0 ,First,#,D:\work\Tyler\Firebreak\Grids\Source\CO_FireBreakGrid.gdb\CO_FireBreakGrid\CO_FB_NeedsWater,SF_COUNT,-1,-1;MF_COUNT "MF_COUNT" true true false 4 Long 0 0 ,First,#,D:\work\Tyler\Firebreak\Grids\Source\CO_FireBreakGrid.gdb\CO_FireBreakGrid\CO_FB_NeedsWater,MF_COUNT,-1,-1;MFMULTIPLY "MFMULTIPLY" true true false 4 Long 0 0 ,First,#,D:\work\Tyler\Firebreak\Grids\Source\CO_FireBreakGrid.gdb\CO_FireBreakGrid\CO_FB_NeedsWater,MFMULTIPLY,-1,-1;MFADDTHREE "MFADDTHREE" true true false 4 Long 0 0 ,First,#,D:\work\Tyler\Firebreak\Grids\Source\CO_FireBreakGrid.gdb\CO_FireBreakGrid\CO_FB_NeedsWater,MFADDTHREE,-1,-1;UNR_COUNT "UNR_COUNT" true true false 4 Long 0 0 ,First,#,D:\work\Tyler\Firebreak\Grids\Source\CO_FireBreakGrid.gdb\CO_FireBreakGrid\CO_FB_NeedsWater,UNR_COUNT,-1,-1;AG_COUNT "AG_COUNT" true true false 4 Long 0 0 ,First,#,D:\work\Tyler\Firebreak\Grids\Source\CO_FireBreakGrid.gdb\CO_FireBreakGrid\CO_FB_NeedsWater,AG_COUNT,-1,-1;MISC_COUNT "MISC_COUNT" true true false 4 Long 0 0 ,First,#,D:\work\Tyler\Firebreak\Grids\Source\CO_FireBreakGrid.gdb\CO_FireBreakGrid\CO_FB_NeedsWater,MISC_COUNT,-1,-1;TOTALCOUNT "TOTALCOUNT" true true false 4 Long 0 0 ,First,#,D:\work\Tyler\Firebreak\Grids\Source\CO_FireBreakGrid.gdb\CO_FireBreakGrid\CO_FB_NeedsWater,TOTALCOUNT,-1,-1;TC_CHANGE "TC_CHANGE" true true false 4 Long 0 0 ,First,#,D:\work\Tyler\Firebreak\Grids\Source\CO_FireBreakGrid.gdb\CO_FireBreakGrid\CO_FB_NeedsWater,TC_CHANGE,-1,-1;SF_MF_COMB "SF_MF_COMB" true true false 4 Long 0 0 ,First,#,D:\work\Tyler\Firebreak\Grids\Source\CO_FireBreakGrid.gdb\CO_FireBreakGrid\CO_FB_NeedsWater,SF_MF_COMB,-1,-1;SFMFMUCOMB "SFMFMUCOMB" true true false 4 Long 0 0 ,First,#,D:\work\Tyler\Firebreak\Grids\Source\CO_FireBreakGrid.gdb\CO_FireBreakGrid\CO_FB_NeedsWater,SFMFMUCOMB,-1,-1;SFMFADCOMB "SFMFADCOMB" true true false 4 Long 0 0 ,First,#,D:\work\Tyler\Firebreak\Grids\Source\CO_FireBreakGrid.gdb\CO_FireBreakGrid\CO_FB_NeedsWater,SFMFADCOMB,-1,-1;SFMFCHANGE "SFMFCHANGE" true true false 4 Long 0 0 ,First,#,D:\work\Tyler\Firebreak\Grids\Source\CO_FireBreakGrid.gdb\CO_FireBreakGrid\CO_FB_NeedsWater,SFMFCHANGE,-1,-1;SFMFMUCHAN "SFMFMUCHAN" true true false 4 Long 0 0 ,First,#,D:\work\Tyler\Firebreak\Grids\Source\CO_FireBreakGrid.gdb\CO_FireBreakGrid\CO_FB_NeedsWater,SFMFMUCHAN,-1,-1;SFMFADCHAN "SFMFADCHAN" true true false 4 Long 0 0 ,First,#,D:\work\Tyler\Firebreak\Grids\Source\CO_FireBreakGrid.gdb\CO_FireBreakGrid\CO_FB_NeedsWater,SFMFADCHAN,-1,-1;TCMULTIPLY "TCMULTIPLY" true true false 4 Long 0 0 ,First,#,D:\work\Tyler\Firebreak\Grids\Source\CO_FireBreakGrid.gdb\CO_FireBreakGrid\CO_FB_NeedsWater,TCMULTIPLY,-1,-1;TCADDTHREE "TCADDTHREE" true true false 4 Long 0 0 ,First,#,D:\work\Tyler\Firebreak\Grids\Source\CO_FireBreakGrid.gdb\CO_FireBreakGrid\CO_FB_NeedsWater,TCADDTHREE,-1,-1;TCM_CHANGE "TCM_CHANGE" true true false 4 Long 0 0 ,First,#,D:\work\Tyler\Firebreak\Grids\Source\CO_FireBreakGrid.gdb\CO_FireBreakGrid\CO_FB_NeedsWater,TCM_CHANGE,-1,-1;TCA_CHANGE "TCA_CHANGE" true true false 4 Long 0 0 ,First,#,D:\work\Tyler\Firebreak\Grids\Source\CO_FireBreakGrid.gdb\CO_FireBreakGrid\CO_FB_NeedsWater,TCA_CHANGE,-1,-1;TC_PERCH "TC_PERCH" true true false 8 Double 0 0 ,First,#,D:\work\Tyler\Firebreak\Grids\Source\CO_FireBreakGrid.gdb\CO_FireBreakGrid\CO_FB_NeedsWater,TC_PERCH,-1,-1;TCM_PERCH "TCM_PERCH" true true false 8 Double 0 0 ,First,#,D:\work\Tyler\Firebreak\Grids\Source\CO_FireBreakGrid.gdb\CO_FireBreakGrid\CO_FB_NeedsWater,TCM_PERCH,-1,-1;TCA_PERCH "TCA_PERCH" true true false 8 Double 0 0 ,First,#,D:\work\Tyler\Firebreak\Grids\Source\CO_FireBreakGrid.gdb\CO_FireBreakGrid\CO_FB_NeedsWater,TCA_PERCH,-1,-1;SFMF_PERCH "SFMF_PERCH" true true false 8 Double 0 0 ,First,#,D:\work\Tyler\Firebreak\Grids\Source\CO_FireBreakGrid.gdb\CO_FireBreakGrid\CO_FB_NeedsWater,SFMF_PERCH,-1,-1;SFMFMUPERC "SFMFMUPERC" true true false 8 Double 0 0 ,First,#,D:\work\Tyler\Firebreak\Grids\Source\CO_FireBreakGrid.gdb\CO_FireBreakGrid\CO_FB_NeedsWater,SFMFMUPERC,-1,-1;SFMFADPERC "SFMFADPERC" true true false 8 Double 0 0 ,First,#,D:\work\Tyler\Firebreak\Grids\Source\CO_FireBreakGrid.gdb\CO_FireBreakGrid\CO_FB_NeedsWater,SFMFADPERC,-1,-1;STATE "STATE" true true false 30 Text 0 0 ,First,#,D:\work\Tyler\Firebreak\Grids\Source\CO_FireBreakGrid.gdb\CO_FireBreakGrid\CO_FB_NeedsWater,STATE,-1,-1;BREAK_NAME "BREAK_NAME" true true false 30 Text 0 0 ,First,#,D:\work\Tyler\Firebreak\Grids\Source\CO_FireBreakGrid.gdb\CO_FireBreakGrid\CO_FB_NeedsWater,BREAK_NAME,-1,-1;RISK_VALUE "RISK_VALUE" true true false 2 Short 0 0 ,First,#,D:\work\Tyler\Firebreak\Grids\Source\CO_FireBreakGrid.gdb\CO_FireBreakGrid\CO_FB_NeedsWater,RISK_VALUE,-1,-1;FLAG "FLAG" true true false 25 Text 0 0 ,First,#,D:\work\Tyler\Firebreak\Grids\Source\CO_FireBreakGrid.gdb\CO_FireBreakGrid\CO_FB_NeedsWater,FLAG,-1,-1;Shape_Length "Shape_Length" false true true 8 Double 0 0 ,First,#,D:\work\Tyler\Firebreak\Grids\Source\CO_FireBreakGrid.gdb\CO_FireBreakGrid\CO_FB_NeedsWater,Shape_Length,-1,-1;Shape_Area "Shape_Area" false true true 8 Double 0 0 ,First,#,D:\work\Tyler\Firebreak\Grids\Source\CO_FireBreakGrid.gdb\CO_FireBreakGrid\CO_FB_NeedsWater,Shape_Area,-1,-1" #</Process><Process ToolSource="d:\corelogic\arcgis\desktop10.7\ArcToolbox\Toolboxes\Analysis Tools.tbx\Identity" Date="20210618" Time="202820">Identity D:\work\Tyler\Firebreak\Grids\Source\CO_FireBreakGrid.gdb\CO_FireBreakGrid\CO_with_Wildland D:\work\Tyler\Firebreak\Grids\Source\CO_FireBreakGrid.gdb\CO_FireBreakGrid\CO_FB_ElimINPUT D:\work\Tyler\Firebreak\Grids\Source\CO_FireBreakGrid.gdb\CO_FireBreakGrid\Firebreak_CO_2021_06_ToFinalize ONLY_FID # NO_RELATIONSHIPS</Process><Process ToolSource="d:\corelogic\arcgis\desktop10.7\ArcToolbox\Toolboxes\Data Management Tools.tbx\CalculateField" Date="20210618" Time="202834">CalculateField FBFinal_lyr RISK_VALUE NULL VB #</Process><Process ToolSource="d:\corelogic\arcgis\desktop10.7\ArcToolbox\Toolboxes\Data Management Tools.tbx\DeleteField" Date="20210619" Time="031706">DeleteField D:\work\Tyler\Firebreak\Grids\Source\CO_FireBreakGrid.gdb\CO_FireBreakGrid\Firebreak_CO_2021_06_ToFinalize FID_CO_with_Wildland;NHR_FB_ID;GRIDID;STATE_ABBR;STATE_CODE;HH_COUNT;DT_COUNT;SF_COUNT;MF_COUNT;MFMULTIPLY;MFADDTHREE;UNR_COUNT;AG_COUNT;MISC_COUNT;TOTALCOUNT;TC_CHANGE;SF_MF_COMB;SFMFMUCOMB;SFMFADCOMB;SFMFCHANGE;SFMFMUCHAN;SFMFADCHAN;TCMULTIPLY;TCADDTHREE;TCM_CHANGE;TCA_CHANGE;TC_PERCH;TCM_PERCH;TCA_PERCH;SFMF_PERCH;SFMFMUPERC;SFMFADPERC;FID_CO_FB_ElimINPUT</Process><Process ToolSource="d:\corelogic\arcgis\desktop10.7\ArcToolbox\Toolboxes\Analysis Tools.tbx\SpatialJoin" Date="20210621" Time="111733">SpatialJoin newest tojoin D:\work\Tyler\Firebreak\Grids\Source\CO_FireBreakGrid.gdb\CO_FireBreakGrid\Firebreak_CO_2021_06_ToFinalize_Joined JOIN_ONE_TO_ONE KEEP_ALL "STATE "STATE" true true false 30 Text 0 0 ,First,#,newest,STATE,-1,-1;BREAK_NAME "BREAK_NAME" true true false 30 Text 0 0 ,First,#,newest,BREAK_NAME,-1,-1;RISK_VALUE "RISK_VALUE" true true false 2 Short 0 0 ,First,#,newest,RISK_VALUE,-1,-1;FLAG "FLAG" true true false 25 Text 0 0 ,First,#,newest,FLAG,-1,-1;Shape_Length "Shape_Length" false true true 8 Double 0 0 ,First,#,newest,Shape_Length,-1,-1;Shape_Area "Shape_Area" false true true 8 Double 0 0 ,First,#,newest,Shape_Area,-1,-1;STATE_1 "STATE" true true false 30 Text 0 0 ,First,#,tojoin,STATE,-1,-1;BREAK_NAME_1 "BREAK_NAME" true true false 30 Text 0 0 ,First,#,tojoin,BREAK_NAME,-1,-1;RISK_VALUE_1 "RISK_VALUE" true true false 2 Short 0 0 ,First,#,tojoin,RISK_VALUE,-1,-1;FLAG_1 "FLAG" true true false 25 Text 0 0 ,First,#,tojoin,FLAG,-1,-1;Shape_Length_1 "Shape_Length_1" false true true 8 Double 0 0 ,First,#,tojoin,Shape_Length,-1,-1;Shape_Area_1 "Shape_Area_1" false true true 8 Double 0 0 ,First,#,tojoin,Shape_Area,-1,-1" HAVE_THEIR_CENTER_IN # #</Process><Process ToolSource="d:\corelogic\arcgis\desktop10.7\ArcToolbox\Toolboxes\Data Management Tools.tbx\CalculateField" Date="20210621" Time="111748">CalculateField joined_fc BREAK_NAME !BREAK_NAME_1! PYTHON #</Process><Process ToolSource="d:\corelogic\arcgis\desktop10.7\ArcToolbox\Toolboxes\Data Management Tools.tbx\CalculateField" Date="20210621" Time="111801">CalculateField joined_fc RISK_VALUE !RISK_VALUE_1! PYTHON #</Process><Process ToolSource="d:\corelogic\arcgis\desktop10.7\ArcToolbox\Toolboxes\Data Management Tools.tbx\CopyFeatures" Date="20210621" Time="115414">CopyFeatures full_joined_fc D:\work\Tyler\Firebreak\Grids\Source\CO_FireBreakGrid.gdb\CO_FireBreakGrid\Firebreak_CO_2021_06_ToFinalize_Final # 0 0 0</Process><Process ToolSource="d:\corelogic\arcgis\desktop10.7\ArcToolbox\Toolboxes\Data Management Tools.tbx\DeleteField" Date="20210621" Time="130727">DeleteField final_fc Join_Count;TARGET_FID;STATE_1;BREAK_NAME_1;RISK_VALUE_1;FLAG_1;Shape_Length_1;Shape_Area_1</Process><Process ToolSource="d:\corelogic\arcgis\desktop10.7\ArcToolbox\Toolboxes\Conversion Tools.tbx\FeatureClassToFeatureClass" Date="20210629" Time="162917">FeatureClassToFeatureClass D:\work\Tyler\Firebreak\Grids\Source\CO_FireBreakGrid.gdb\CO_FireBreakGrid\Firebreak_CO_2021_06_ToFinalize_Final D:\work\Tyler\Firebreak\Grids\Source\CO_FireBreakGrid.gdb\CO_FireBreakGrid \Firebreak_2021_06_CO_Internal # "STATE "STATE" true true false 30 Text 0 0 ,First,#,D:\work\Tyler\Firebreak\Grids\Source\CO_FireBreakGrid.gdb\CO_FireBreakGrid\Firebreak_CO_2021_06_ToFinalize_Final,STATE,-1,-1;BREAK_NAME "BREAK_NAME" true true false 30 Text 0 0 ,First,#,D:\work\Tyler\Firebreak\Grids\Source\CO_FireBreakGrid.gdb\CO_FireBreakGrid\Firebreak_CO_2021_06_ToFinalize_Final,BREAK_NAME,-1,-1;RISK_VALUE "RISK_VALUE" true true false 2 Short 0 0 ,First,#,D:\work\Tyler\Firebreak\Grids\Source\CO_FireBreakGrid.gdb\CO_FireBreakGrid\Firebreak_CO_2021_06_ToFinalize_Final,RISK_VALUE,-1,-1;FLAG "FLAG" true true false 25 Text 0 0 ,First,#,D:\work\Tyler\Firebreak\Grids\Source\CO_FireBreakGrid.gdb\CO_FireBreakGrid\Firebreak_CO_2021_06_ToFinalize_Final,FLAG,-1,-1;Shape_Length "Shape_Length" false true true 8 Double 0 0 ,First,#,D:\work\Tyler\Firebreak\Grids\Source\CO_FireBreakGrid.gdb\CO_FireBreakGrid\Firebreak_CO_2021_06_ToFinalize_Final,Shape_Length,-1,-1;Shape_Area "Shape_Area" false true true 8 Double 0 0 ,First,#,D:\work\Tyler\Firebreak\Grids\Source\CO_FireBreakGrid.gdb\CO_FireBreakGrid\Firebreak_CO_2021_06_ToFinalize_Final,Shape_Area,-1,-1" #</Process><Process ToolSource="d:\corelogic\arcgis\desktop10.7\ArcToolbox\Toolboxes\Data Management Tools.tbx\CalculateField" Date="20210629" Time="163534">CalculateField FCInternal_lyr FLAG 'Assigned on 062021' PYTHON #</Process><Process ToolSource="d:\corelogic\arcgis\desktop10.7\ArcToolbox\Toolboxes\Data Management Tools.tbx\CopyFeatures" Date="20210629" Time="171458">CopyFeatures D:\work\Tyler\Firebreak\Grids\Source\CO_FireBreakGrid.gdb\CO_FireBreakGrid\Firebreak_2021_06_CO_Internal "D:\work\Tyler\Firebreak\FIREbreak 2021 Q2\Data\Firebreak_2021_06_CO_Internal.shp" # 0 0 0</Process><Process ToolSource="d:\corelogic\arcgis\desktop10.7\ArcToolbox\Toolboxes\Data Management Tools.tbx\DeleteField" Date="20210629" Time="171903">DeleteField "D:\work\Tyler\Firebreak\FIREbreak 2021 Q2\Data\Firebreak_2021_06_CO_Internal.shp" Shape_Leng;Shape_Area</Process><Process ToolSource="c:\program files (x86)\arcgis\desktop10.7\ArcToolbox\Toolboxes\Conversion Tools.tbx\FeatureClassToFeatureClass" Date="20210722" Time="163856">FeatureClassToFeatureClass FireBREAK\Firebreak_2021_07_CO_Internal C:\Users\andolson\Documents\WORKING\WildFire\Tensorflow_Images\FirebreakData\FirebreakGrids.gdb\InternalGrids Firebreak_2021_07_CO_Internal # "STATE "STATE" true true false 30 Text 0 0 ,First,#,FireBREAK\Firebreak_2021_07_CO_Internal,STATE,-1,-1;BREAK_NAME "BREAK_NAME" true true false 30 Text 0 0 ,First,#,FireBREAK\Firebreak_2021_07_CO_Internal,BREAK_NAME,-1,-1;RISK_VALUE "RISK_VALUE" true true false 5 Long 0 5 ,First,#,FireBREAK\Firebreak_2021_07_CO_Internal,RISK_VALUE,-1,-1;FLAG "FLAG" true true false 25 Text 0 0 ,First,#,FireBREAK\Firebreak_2021_07_CO_Internal,FLAG,-1,-1" #</Process><Process ToolSource="c:\program files (x86)\arcgis\desktop10.7\ArcToolbox\Toolboxes\Data Management Tools.tbx\CalculateField" Date="20210723" Time="131722">CalculateField Firebreak_2021_07_CO_Internal TF_ID !OBJECTID! PYTHON_9.3 #</Process><Process ToolSource="c:\program files (x86)\arcgis\desktop10.7\ArcToolbox\Toolboxes\Conversion Tools.tbx\FeatureClassToFeatureClass" Date="20210723" Time="134401">FeatureClassToFeatureClass Firebreak_2021_07_CO_Internal C:\Users\andolson\Documents\WORKING\WildFire\Tensorflow_Images\FirebreakData\TensorFlow.gdb Firebreak_2021_07_CO_Int_U "BREAK_NAME = 'Urban'" "STATE "STATE" true true false 30 Text 0 0 ,First,#,Firebreak_2021_07_CO_Internal,STATE,-1,-1;BREAK_NAME "BREAK_NAME" true true false 30 Text 0 0 ,First,#,Firebreak_2021_07_CO_Internal,BREAK_NAME,-1,-1;RISK_VALUE "RISK_VALUE" true true false 4 Long 0 0 ,First,#,Firebreak_2021_07_CO_Internal,RISK_VALUE,-1,-1;FLAG "FLAG" true true false 25 Text 0 0 ,First,#,Firebreak_2021_07_CO_Internal,FLAG,-1,-1;Shape_Length "Shape_Length" false true true 8 Double 0 0 ,First,#,Firebreak_2021_07_CO_Internal,Shape_Length,-1,-1;Shape_Area "Shape_Area" false true true 8 Double 0 0 ,First,#,Firebreak_2021_07_CO_Internal,Shape_Area,-1,-1;TF_ID "TF_ID" true true false 4 Long 0 0 ,First,#,Firebreak_2021_07_CO_Internal,TF_ID,-1,-1" #</Process><Process ToolSource="c:\program files (x86)\arcgis\desktop10.7\ArcToolbox\Toolboxes\Data Management Tools.tbx\Merge" Date="20210812" Time="125919">Merge 'TF Sample Sets\Firebreak_U_700';'TF Sample Sets\Firebreak_A_700';'TF Sample Sets\Firebreak_W_700';'TF Sample Sets\Firebreak_WL_700';'TF Sample Sets\Firebreak_HDR_700';'TF Sample Sets\Firebreak_MDR_700';'TF Sample Sets\Firebreak_LDR_700';'TF Sample Sets\Firebreak_UNR_700';'TF Sample Sets\Firebreak_SR_700' C:\Users\andolson\Documents\WORKING\WildFire\Data\Temp\CO_Firebreak_700.shp "STATE "STATE" true true false 30 Text 0 0 ,First,#,TF Sample Sets\Firebreak_U_700,STATE,-1,-1,TF Sample Sets\Firebreak_A_700,STATE,-1,-1,TF Sample Sets\Firebreak_W_700,STATE,-1,-1,TF Sample Sets\Firebreak_WL_700,STATE,-1,-1,TF Sample Sets\Firebreak_HDR_700,STATE,-1,-1,TF Sample Sets\Firebreak_MDR_700,STATE,-1,-1,TF Sample Sets\Firebreak_LDR_700,STATE,-1,-1,TF Sample Sets\Firebreak_UNR_700,STATE,-1,-1,TF Sample Sets\Firebreak_SR_700,STATE,-1,-1;BREAK_NAME "BREAK_NAME" true true false 30 Text 0 0 ,First,#,TF Sample Sets\Firebreak_U_700,BREAK_NAME,-1,-1,TF Sample Sets\Firebreak_A_700,BREAK_NAME,-1,-1,TF Sample Sets\Firebreak_W_700,BREAK_NAME,-1,-1,TF Sample Sets\Firebreak_WL_700,BREAK_NAME,-1,-1,TF Sample Sets\Firebreak_HDR_700,BREAK_NAME,-1,-1,TF Sample Sets\Firebreak_MDR_700,BREAK_NAME,-1,-1,TF Sample Sets\Firebreak_LDR_700,BREAK_NAME,-1,-1,TF Sample Sets\Firebreak_UNR_700,BREAK_NAME,-1,-1,TF Sample Sets\Firebreak_SR_700,BREAK_NAME,-1,-1;RISK_VALUE "RISK_VALUE" true true false 4 Long 0 0 ,First,#,TF Sample Sets\Firebreak_U_700,RISK_VALUE,-1,-1,TF Sample Sets\Firebreak_A_700,RISK_VALUE,-1,-1,TF Sample Sets\Firebreak_W_700,RISK_VALUE,-1,-1,TF Sample Sets\Firebreak_WL_700,RISK_VALUE,-1,-1,TF Sample Sets\Firebreak_HDR_700,RISK_VALUE,-1,-1,TF Sample Sets\Firebreak_MDR_700,RISK_VALUE,-1,-1,TF Sample Sets\Firebreak_LDR_700,RISK_VALUE,-1,-1,TF Sample Sets\Firebreak_UNR_700,RISK_VALUE,-1,-1,TF Sample Sets\Firebreak_SR_700,RISK_VALUE,-1,-1;FLAG "FLAG" true true false 25 Text 0 0 ,First,#,TF Sample Sets\Firebreak_U_700,FLAG,-1,-1,TF Sample Sets\Firebreak_A_700,FLAG,-1,-1,TF Sample Sets\Firebreak_W_700,FLAG,-1,-1,TF Sample Sets\Firebreak_WL_700,FLAG,-1,-1,TF Sample Sets\Firebreak_HDR_700,FLAG,-1,-1,TF Sample Sets\Firebreak_MDR_700,FLAG,-1,-1,TF Sample Sets\Firebreak_LDR_700,FLAG,-1,-1,TF Sample Sets\Firebreak_UNR_700,FLAG,-1,-1,TF Sample Sets\Firebreak_SR_700,FLAG,-1,-1;TF_ID "TF_ID" true true false 4 Long 0 0 ,First,#,TF Sample Sets\Firebreak_U_700,TF_ID,-1,-1,TF Sample Sets\Firebreak_A_700,TF_ID,-1,-1,TF Sample Sets\Firebreak_W_700,TF_ID,-1,-1,TF Sample Sets\Firebreak_WL_700,TF_ID,-1,-1,TF Sample Sets\Firebreak_HDR_700,TF_ID,-1,-1,TF Sample Sets\Firebreak_MDR_700,TF_ID,-1,-1,TF Sample Sets\Firebreak_LDR_700,TF_ID,-1,-1,TF Sample Sets\Firebreak_UNR_700,TF_ID,-1,-1,TF Sample Sets\Firebreak_SR_700,TF_ID,-1,-1;Shape_Leng "Shape_Leng" false true true 8 Double 0 0 ,First,#,TF Sample Sets\Firebreak_U_700,Shape_Length,-1,-1,TF Sample Sets\Firebreak_A_700,Shape_Length,-1,-1,TF Sample Sets\Firebreak_W_700,Shape_Length,-1,-1,TF Sample Sets\Firebreak_WL_700,Shape_Length,-1,-1,TF Sample Sets\Firebreak_HDR_700,Shape_Length,-1,-1,TF Sample Sets\Firebreak_MDR_700,Shape_Length,-1,-1,TF Sample Sets\Firebreak_LDR_700,Shape_Length,-1,-1,TF Sample Sets\Firebreak_UNR_700,Shape_Length,-1,-1,TF Sample Sets\Firebreak_SR_700,Shape_Length,-1,-1;Shape_Area "Shape_Area" false true true 8 Double 0 0 ,First,#,TF Sample Sets\Firebreak_U_700,Shape_Area,-1,-1,TF Sample Sets\Firebreak_A_700,Shape_Area,-1,-1,TF Sample Sets\Firebreak_W_700,Shape_Area,-1,-1,TF Sample Sets\Firebreak_WL_700,Shape_Area,-1,-1,TF Sample Sets\Firebreak_HDR_700,Shape_Area,-1,-1,TF Sample Sets\Firebreak_MDR_700,Shape_Area,-1,-1,TF Sample Sets\Firebreak_LDR_700,Shape_Area,-1,-1,TF Sample Sets\Firebreak_UNR_700,Shape_Area,-1,-1,TF Sample Sets\Firebreak_SR_700,Shape_Area,-1,-1"</Process></lineage><copyHistory><copy source="D:\work\Tyler\Firebreak\FIREbreak 2021 Q2\Data\Firebreak_2021_06_CO_Internal" dest="\\SPSQN1PPTRMSV06\D$\work\Tyler\Firebreak\FIREbreak 2021 Q2\Internal\Firebreak_2021_06_CO_Internal" date="20210630" time="11200200"></copy></copyHistory></DataProperties><SyncDate>20210812</SyncDate><SyncTime>12591400</SyncTime><ModDate>20210812</ModDate><ModTime>12591400</ModTime><ArcGISstyle>XTools Pro Metadata</ArcGISstyle></Esri><dataIdInfo><envirDesc Sync="TRUE"> Version 6.2 (Build 9200) ; Esri ArcGIS 10.7.1.11595</envirDesc><dataLang><languageCode value="eng" Sync="TRUE"></languageCode><countryCode value="USA" Sync="TRUE"></countryCode></dataLang><idCitation><resTitle Sync="TRUE">CO_Firebreak_700</resTitle><presForm><PresFormCd value="005" Sync="TRUE"></PresFormCd></presForm></idCitation><spatRpType><SpatRepTypCd value="001" Sync="TRUE"></SpatRepTypCd></spatRpType></dataIdInfo><mdLang><languageCode value="eng" Sync="TRUE"></languageCode><countryCode value="USA" Sync="TRUE"></countryCode></mdLang><distInfo><distFormat><formatName Sync="TRUE">Shapefile</formatName></distFormat><distTranOps><transSize Sync="TRUE">0.000</transSize></distTranOps></distInfo><mdHrLv><ScopeCd value="005" Sync="TRUE"></ScopeCd></mdHrLv><mdHrLvName Sync="TRUE">dataset</mdHrLvName><refSysInfo><RefSystem><refSysID><identCode code="4326" Sync="TRUE"></identCode><idCodeSpace Sync="TRUE">EPSG</idCodeSpace><idVersion Sync="TRUE">6.14(3.0.1)</idVersion></refSysID></RefSystem></refSysInfo><spatRepInfo><VectSpatRep><geometObjs Name="CO_Firebreak_700"><geoObjTyp><GeoObjTypCd value="002" Sync="TRUE"></GeoObjTypCd></geoObjTyp><geoObjCnt Sync="TRUE">0</geoObjCnt></geometObjs><topLvl><TopoLevCd value="001" Sync="TRUE"></TopoLevCd></topLvl></VectSpatRep></spatRepInfo><spdoinfo><ptvctinf><esriterm Name="CO_Firebreak_700"><efeatyp Sync="TRUE">Simple</efeatyp><efeageom code="4" Sync="TRUE"></efeageom><esritopo Sync="TRUE">FALSE</esritopo><efeacnt Sync="TRUE">0</efeacnt><spindex Sync="TRUE">FALSE</spindex><linrefer Sync="TRUE">FALSE</linrefer></esriterm></ptvctinf></spdoinfo><eainfo><detailed Name="CO_Firebreak_700"><enttyp><enttypl Sync="TRUE">CO_Firebreak_700</enttypl><enttypt Sync="TRUE">Feature Class</enttypt><enttypc Sync="TRUE">0</enttypc></enttyp><attr><attrlabl Sync="TRUE">FID</attrlabl><attalias Sync="TRUE">FID</attalias><attrtype Sync="TRUE">OID</attrtype><attwidth Sync="TRUE">4</attwidth><atprecis Sync="TRUE">0</atprecis><attscale Sync="TRUE">0</attscale><attrdef Sync="TRUE">Internal feature number.</attrdef><attrdefs Sync="TRUE">Esri</attrdefs><attrdomv><udom Sync="TRUE">Sequential unique whole numbers that are automatically generated.</udom></attrdomv></attr><attr><attrlabl Sync="TRUE">Shape</attrlabl><attalias Sync="TRUE">Shape</attalias><attrtype Sync="TRUE">Geometry</attrtype><attwidth Sync="TRUE">0</attwidth><atprecis Sync="TRUE">0</atprecis><attscale Sync="TRUE">0</attscale><attrdef Sync="TRUE">Feature geometry.</attrdef><attrdefs Sync="TRUE">Esri</attrdefs><attrdomv><udom Sync="TRUE">Coordinates defining the features.</udom></attrdomv></attr><attr><attrlabl Sync="TRUE">STATE</attrlabl><attalias Sync="TRUE">STATE</attalias><attrtype Sync="TRUE">String</attrtype><attwidth Sync="TRUE">30</attwidth><atprecis Sync="TRUE">0</atprecis><attscale Sync="TRUE">0</attscale></attr><attr><attrlabl Sync="TRUE">BREAK_NAME</attrlabl><attalias Sync="TRUE">BREAK_NAME</attalias><attrtype Sync="TRUE">String</attrtype><attwidth Sync="TRUE">30</attwidth><atprecis Sync="TRUE">0</atprecis><attscale Sync="TRUE">0</attscale></attr><attr><attrlabl Sync="TRUE">RISK_VALUE</attrlabl><attalias Sync="TRUE">RISK_VALUE</attalias><attrtype Sync="TRUE">Integer</attrtype><attwidth Sync="TRUE">10</attwidth><atprecis Sync="TRUE">10</atprecis><attscale Sync="TRUE">0</attscale></attr><attr><attrlabl Sync="TRUE">FLAG</attrlabl><attalias Sync="TRUE">FLAG</attalias><attrtype Sync="TRUE">String</attrtype><attwidth Sync="TRUE">25</attwidth><atprecis Sync="TRUE">0</atprecis><attscale Sync="TRUE">0</attscale></attr><attr><attrlabl Sync="TRUE">TF_ID</attrlabl><attalias Sync="TRUE">TF_ID</attalias><attrtype Sync="TRUE">Integer</attrtype><attwidth Sync="TRUE">10</attwidth><atprecis Sync="TRUE">10</atprecis><attscale Sync="TRUE">0</attscale></attr><attr><attrlabl Sync="TRUE">Shape_Leng</attrlabl><attalias Sync="TRUE">Shape_Leng</attalias><attrtype Sync="TRUE">Double</attrtype><attwidth Sync="TRUE">19</attwidth><atprecis Sync="TRUE">0</atprecis><attscale Sync="TRUE">0</attscale></attr><attr><attrlabl Sync="TRUE">Shape_Area</attrlabl><attalias Sync="TRUE">Shape_Area</attalias><attrtype Sync="TRUE">Double</attrtype><attwidth Sync="TRUE">19</attwidth><atprecis Sync="TRUE">0</atprecis><attscale Sync="TRUE">0</attscale><attrdef Sync="TRUE">Area of feature in internal units squared.</attrdef><attrdefs Sync="TRUE">Esri</attrdefs><attrdomv><udom Sync="TRUE">Positive real numbers that are automatically generated.</udom></attrdomv></attr></detailed></eainfo><mdDateSt Sync="TRUE">20210812</mdDateSt></metadata>
