<metadata xml:lang="en"><Esri><CreaDate>20210618</CreaDate><CreaTime>11555600</CreaTime><ArcGISFormat>1.0</ArcGISFormat><SyncOnce>FALSE</SyncOnce><DataProperties><itemProps><itemName Sync="TRUE">CA_ML_Image_Footprints</itemName><imsContentType Sync="TRUE">002</imsContentType><itemLocation><linkage Sync="TRUE">file://\\BLDLW10HXT4NF2\C$\Users\andolson\OneDrive - CoreLogic Solutions, LLC\Documents\WORKING\WildFire\AI_Images\FirebreakData\QGIS\CA_ML_Image_Footprints.shp</linkage><protocol Sync="TRUE">Local Area Network</protocol></itemLocation><itemSize Sync="TRUE">0.000</itemSize></itemProps><coordRef><type Sync="TRUE">Geographic</type><geogcsn Sync="TRUE">GCS_WGS_1984</geogcsn><csUnits Sync="TRUE">Angular Unit: Degree (0.017453)</csUnits><peXml Sync="TRUE">&lt;GeographicCoordinateSystem xsi:type='typens:GeographicCoordinateSystem' xmlns:xsi='http://www.w3.org/2001/XMLSchema-instance' xmlns:xs='http://www.w3.org/2001/XMLSchema' xmlns:typens='http://www.esri.com/schemas/ArcGIS/2.4.0'&gt;&lt;WKT&gt;GEOGCS[&amp;quot;GCS_WGS_1984&amp;quot;,DATUM[&amp;quot;D_WGS_1984&amp;quot;,SPHEROID[&amp;quot;WGS_1984&amp;quot;,6378137.0,298.257223563]],PRIMEM[&amp;quot;Greenwich&amp;quot;,0.0],UNIT[&amp;quot;Degree&amp;quot;,0.0174532925199433],AUTHORITY[&amp;quot;EPSG&amp;quot;,4326]]&lt;/WKT&gt;&lt;XOrigin&gt;-400&lt;/XOrigin&gt;&lt;YOrigin&gt;-400&lt;/YOrigin&gt;&lt;XYScale&gt;11258999068426.238&lt;/XYScale&gt;&lt;ZOrigin&gt;-100000&lt;/ZOrigin&gt;&lt;ZScale&gt;10000&lt;/ZScale&gt;&lt;MOrigin&gt;-100000&lt;/MOrigin&gt;&lt;MScale&gt;10000&lt;/MScale&gt;&lt;XYTolerance&gt;8.983152841195215e-09&lt;/XYTolerance&gt;&lt;ZTolerance&gt;0.001&lt;/ZTolerance&gt;&lt;MTolerance&gt;0.001&lt;/MTolerance&gt;&lt;HighPrecision&gt;true&lt;/HighPrecision&gt;&lt;LeftLongitude&gt;-180&lt;/LeftLongitude&gt;&lt;WKID&gt;4326&lt;/WKID&gt;&lt;LatestWKID&gt;4326&lt;/LatestWKID&gt;&lt;/GeographicCoordinateSystem&gt;</peXml></coordRef><lineage><Process ToolSource="d:\corelogic\arcgis\desktop10.7\ArcToolbox\Toolboxes\Conversion Tools.tbx\FeatureClassToFeatureClass" Date="20210618" Time="133022">FeatureClassToFeatureClass D:\work\Tyler\Firebreak\Grids\Source\CA_FireBreakGrid.shp D:\work\Tyler\Firebreak\Grids\Source\CA_FireBreakGrid.gdb\CA_FireBreakGrid CA_FireBreakGrid # "NHR_FB_ID "NHR_FB_ID" true true false 38 Double 0 38 ,First,#,D:\work\Tyler\Firebreak\Grids\Source\CA_FireBreakGrid.shp,NHR_FB_ID,-1,-1;GRIDID "GRIDID" true true false 20 Text 0 0 ,First,#,D:\work\Tyler\Firebreak\Grids\Source\CA_FireBreakGrid.shp,GRIDID,-1,-1;STATE_ABBR "STATE_ABBR" true true false 2 Text 0 0 ,First,#,D:\work\Tyler\Firebreak\Grids\Source\CA_FireBreakGrid.shp,STATE_ABBR,-1,-1;STATE_CODE "STATE_CODE" true true false 2 Text 0 0 ,First,#,D:\work\Tyler\Firebreak\Grids\Source\CA_FireBreakGrid.shp,STATE_CODE,-1,-1;HH_COUNT "HH_COUNT" true true false 10 Long 0 10 ,First,#,D:\work\Tyler\Firebreak\Grids\Source\CA_FireBreakGrid.shp,HH_COUNT,-1,-1;DT_COUNT "DT_COUNT" true true false 10 Long 0 10 ,First,#,D:\work\Tyler\Firebreak\Grids\Source\CA_FireBreakGrid.shp,DT_COUNT,-1,-1;SF_COUNT "SF_COUNT" true true false 10 Long 0 10 ,First,#,D:\work\Tyler\Firebreak\Grids\Source\CA_FireBreakGrid.shp,SF_COUNT,-1,-1;MF_COUNT "MF_COUNT" true true false 10 Long 0 10 ,First,#,D:\work\Tyler\Firebreak\Grids\Source\CA_FireBreakGrid.shp,MF_COUNT,-1,-1;MFMULTIPLY "MFMULTIPLY" true true false 10 Long 0 10 ,First,#,D:\work\Tyler\Firebreak\Grids\Source\CA_FireBreakGrid.shp,MFMULTIPLY,-1,-1;MFADDTHREE "MFADDTHREE" true true false 10 Long 0 10 ,First,#,D:\work\Tyler\Firebreak\Grids\Source\CA_FireBreakGrid.shp,MFADDTHREE,-1,-1;UNR_COUNT "UNR_COUNT" true true false 10 Long 0 10 ,First,#,D:\work\Tyler\Firebreak\Grids\Source\CA_FireBreakGrid.shp,UNR_COUNT,-1,-1;AG_COUNT "AG_COUNT" true true false 10 Long 0 10 ,First,#,D:\work\Tyler\Firebreak\Grids\Source\CA_FireBreakGrid.shp,AG_COUNT,-1,-1;MISC_COUNT "MISC_COUNT" true true false 10 Long 0 10 ,First,#,D:\work\Tyler\Firebreak\Grids\Source\CA_FireBreakGrid.shp,MISC_COUNT,-1,-1;TOTALCOUNT "TOTALCOUNT" true true false 10 Long 0 10 ,First,#,D:\work\Tyler\Firebreak\Grids\Source\CA_FireBreakGrid.shp,TOTALCOUNT,-1,-1;TC_CHANGE "TC_CHANGE" true true false 10 Long 0 10 ,First,#,D:\work\Tyler\Firebreak\Grids\Source\CA_FireBreakGrid.shp,TC_CHANGE,-1,-1;SF_MF_COMB "SF_MF_COMB" true true false 10 Long 0 10 ,First,#,D:\work\Tyler\Firebreak\Grids\Source\CA_FireBreakGrid.shp,SF_MF_COMB,-1,-1;SFMFMUCOMB "SFMFMUCOMB" true true false 10 Long 0 10 ,First,#,D:\work\Tyler\Firebreak\Grids\Source\CA_FireBreakGrid.shp,SFMFMUCOMB,-1,-1;SFMFADCOMB "SFMFADCOMB" true true false 10 Long 0 10 ,First,#,D:\work\Tyler\Firebreak\Grids\Source\CA_FireBreakGrid.shp,SFMFADCOMB,-1,-1;SFMFCHANGE "SFMFCHANGE" true true false 10 Long 0 10 ,First,#,D:\work\Tyler\Firebreak\Grids\Source\CA_FireBreakGrid.shp,SFMFCHANGE,-1,-1;SFMFMUCHAN "SFMFMUCHAN" true true false 10 Long 0 10 ,First,#,D:\work\Tyler\Firebreak\Grids\Source\CA_FireBreakGrid.shp,SFMFMUCHAN,-1,-1;SFMFADCHAN "SFMFADCHAN" true true false 10 Long 0 10 ,First,#,D:\work\Tyler\Firebreak\Grids\Source\CA_FireBreakGrid.shp,SFMFADCHAN,-1,-1;TCMULTIPLY "TCMULTIPLY" true true false 10 Long 0 10 ,First,#,D:\work\Tyler\Firebreak\Grids\Source\CA_FireBreakGrid.shp,TCMULTIPLY,-1,-1;TCADDTHREE "TCADDTHREE" true true false 10 Long 0 10 ,First,#,D:\work\Tyler\Firebreak\Grids\Source\CA_FireBreakGrid.shp,TCADDTHREE,-1,-1;TCM_CHANGE "TCM_CHANGE" true true false 10 Long 0 10 ,First,#,D:\work\Tyler\Firebreak\Grids\Source\CA_FireBreakGrid.shp,TCM_CHANGE,-1,-1;TCA_CHANGE "TCA_CHANGE" true true false 10 Long 0 10 ,First,#,D:\work\Tyler\Firebreak\Grids\Source\CA_FireBreakGrid.shp,TCA_CHANGE,-1,-1;TC_PERCH "TC_PERCH" true true false 10 Double 2 9 ,First,#,D:\work\Tyler\Firebreak\Grids\Source\CA_FireBreakGrid.shp,TC_PERCH,-1,-1;TCM_PERCH "TCM_PERCH" true true false 10 Double 2 9 ,First,#,D:\work\Tyler\Firebreak\Grids\Source\CA_FireBreakGrid.shp,TCM_PERCH,-1,-1;TCA_PERCH "TCA_PERCH" true true false 10 Double 2 9 ,First,#,D:\work\Tyler\Firebreak\Grids\Source\CA_FireBreakGrid.shp,TCA_PERCH,-1,-1;SFMF_PERCH "SFMF_PERCH" true true false 10 Double 2 9 ,First,#,D:\work\Tyler\Firebreak\Grids\Source\CA_FireBreakGrid.shp,SFMF_PERCH,-1,-1;SFMFMUPERC "SFMFMUPERC" true true false 10 Double 2 9 ,First,#,D:\work\Tyler\Firebreak\Grids\Source\CA_FireBreakGrid.shp,SFMFMUPERC,-1,-1;SFMFADPERC "SFMFADPERC" true true false 10 Double 2 9 ,First,#,D:\work\Tyler\Firebreak\Grids\Source\CA_FireBreakGrid.shp,SFMFADPERC,-1,-1" #</Process><Process ToolSource="d:\corelogic\arcgis\desktop10.7\ArcToolbox\Toolboxes\Data Management Tools.tbx\AddField" Date="20210618" Time="133023">AddField D:\work\Tyler\Firebreak\Grids\Source\CA_FireBreakGrid.gdb\CA_FireBreakGrid\CA_FireBreakGrid STATE TEXT # # 30 # NULLABLE NON_REQUIRED #</Process><Process ToolSource="d:\corelogic\arcgis\desktop10.7\ArcToolbox\Toolboxes\Data Management Tools.tbx\AddField" Date="20210618" Time="133024">AddField D:\work\Tyler\Firebreak\Grids\Source\CA_FireBreakGrid.gdb\CA_FireBreakGrid\CA_FireBreakGrid BREAK_NAME TEXT # # 30 # NULLABLE NON_REQUIRED #</Process><Process ToolSource="d:\corelogic\arcgis\desktop10.7\ArcToolbox\Toolboxes\Data Management Tools.tbx\AddField" Date="20210618" Time="133024">AddField D:\work\Tyler\Firebreak\Grids\Source\CA_FireBreakGrid.gdb\CA_FireBreakGrid\CA_FireBreakGrid RISK_VALUE SHORT # # 5 # NULLABLE NON_REQUIRED #</Process><Process ToolSource="d:\corelogic\arcgis\desktop10.7\ArcToolbox\Toolboxes\Data Management Tools.tbx\CalculateField" Date="20210618" Time="141555">CalculateField D:\work\Tyler\Firebreak\Grids\Source\CA_FireBreakGrid.gdb\CA_FireBreakGrid\CA_FireBreakGrid STATE calcfield(!STATE_ABBR!) PYTHON "def calcfield(STATE_ABBR):\n        if STATE_ABBR == "AK":\n            return "Alaska"\n        elif STATE_ABBR == "AZ":\n            return "Arizona"\n        elif STATE_ABBR == "CA":\n            return "California"\n        elif STATE_ABBR == "CO":\n            return "Colorado"\n        elif STATE_ABBR == "FL":\n            return "Florida"\n        elif STATE_ABBR == "ID":\n            return "Idaho"\n        elif STATE_ABBR == "MT":\n            return "Montana"\n        elif STATE_ABBR == "NM":\n            return "New Mexico"\n        elif STATE_ABBR == "NV":\n            return "Nevada"\n        elif STATE_ABBR == "OK":\n            return "Oklahoma"\n        elif STATE_ABBR == "OR":\n            return "Oregon"\n        elif STATE_ABBR == "TX":\n            return "Texas"\n        elif STATE_ABBR == "UT":\n            return "Utah"\n        elif STATE_ABBR == "WA":\n            return "Washington"\n        elif STATE_ABBR == "WY":\n            return "Wyoming"\n        "</Process><Process ToolSource="d:\corelogic\arcgis\desktop10.7\ArcToolbox\Toolboxes\Conversion Tools.tbx\FeatureClassToFeatureClass" Date="20210618" Time="152204">FeatureClassToFeatureClass D:\work\Tyler\Firebreak\Grids\Source\CA_FireBreakGrid.gdb\CA_FireBreakGrid\CA_FireBreakGrid D:\work\Tyler\Firebreak\Grids\Source\CA_FireBreakGrid.gdb\CA_FireBreakGrid \CA_FB_0 "TCMULTIPLY = 0" "NHR_FB_ID "NHR_FB_ID" true true false 8 Double 0 0 ,First,#,D:\work\Tyler\Firebreak\Grids\Source\CA_FireBreakGrid.gdb\CA_FireBreakGrid\CA_FireBreakGrid,NHR_FB_ID,-1,-1;GRIDID "GRIDID" true true false 20 Text 0 0 ,First,#,D:\work\Tyler\Firebreak\Grids\Source\CA_FireBreakGrid.gdb\CA_FireBreakGrid\CA_FireBreakGrid,GRIDID,-1,-1;STATE_ABBR "STATE_ABBR" true true false 2 Text 0 0 ,First,#,D:\work\Tyler\Firebreak\Grids\Source\CA_FireBreakGrid.gdb\CA_FireBreakGrid\CA_FireBreakGrid,STATE_ABBR,-1,-1;STATE_CODE "STATE_CODE" true true false 2 Text 0 0 ,First,#,D:\work\Tyler\Firebreak\Grids\Source\CA_FireBreakGrid.gdb\CA_FireBreakGrid\CA_FireBreakGrid,STATE_CODE,-1,-1;HH_COUNT "HH_COUNT" true true false 4 Long 0 0 ,First,#,D:\work\Tyler\Firebreak\Grids\Source\CA_FireBreakGrid.gdb\CA_FireBreakGrid\CA_FireBreakGrid,HH_COUNT,-1,-1;DT_COUNT "DT_COUNT" true true false 4 Long 0 0 ,First,#,D:\work\Tyler\Firebreak\Grids\Source\CA_FireBreakGrid.gdb\CA_FireBreakGrid\CA_FireBreakGrid,DT_COUNT,-1,-1;SF_COUNT "SF_COUNT" true true false 4 Long 0 0 ,First,#,D:\work\Tyler\Firebreak\Grids\Source\CA_FireBreakGrid.gdb\CA_FireBreakGrid\CA_FireBreakGrid,SF_COUNT,-1,-1;MF_COUNT "MF_COUNT" true true false 4 Long 0 0 ,First,#,D:\work\Tyler\Firebreak\Grids\Source\CA_FireBreakGrid.gdb\CA_FireBreakGrid\CA_FireBreakGrid,MF_COUNT,-1,-1;MFMULTIPLY "MFMULTIPLY" true true false 4 Long 0 0 ,First,#,D:\work\Tyler\Firebreak\Grids\Source\CA_FireBreakGrid.gdb\CA_FireBreakGrid\CA_FireBreakGrid,MFMULTIPLY,-1,-1;MFADDTHREE "MFADDTHREE" true true false 4 Long 0 0 ,First,#,D:\work\Tyler\Firebreak\Grids\Source\CA_FireBreakGrid.gdb\CA_FireBreakGrid\CA_FireBreakGrid,MFADDTHREE,-1,-1;UNR_COUNT "UNR_COUNT" true true false 4 Long 0 0 ,First,#,D:\work\Tyler\Firebreak\Grids\Source\CA_FireBreakGrid.gdb\CA_FireBreakGrid\CA_FireBreakGrid,UNR_COUNT,-1,-1;AG_COUNT "AG_COUNT" true true false 4 Long 0 0 ,First,#,D:\work\Tyler\Firebreak\Grids\Source\CA_FireBreakGrid.gdb\CA_FireBreakGrid\CA_FireBreakGrid,AG_COUNT,-1,-1;MISC_COUNT "MISC_COUNT" true true false 4 Long 0 0 ,First,#,D:\work\Tyler\Firebreak\Grids\Source\CA_FireBreakGrid.gdb\CA_FireBreakGrid\CA_FireBreakGrid,MISC_COUNT,-1,-1;TOTALCOUNT "TOTALCOUNT" true true false 4 Long 0 0 ,First,#,D:\work\Tyler\Firebreak\Grids\Source\CA_FireBreakGrid.gdb\CA_FireBreakGrid\CA_FireBreakGrid,TOTALCOUNT,-1,-1;TC_CHANGE "TC_CHANGE" true true false 4 Long 0 0 ,First,#,D:\work\Tyler\Firebreak\Grids\Source\CA_FireBreakGrid.gdb\CA_FireBreakGrid\CA_FireBreakGrid,TC_CHANGE,-1,-1;SF_MF_COMB "SF_MF_COMB" true true false 4 Long 0 0 ,First,#,D:\work\Tyler\Firebreak\Grids\Source\CA_FireBreakGrid.gdb\CA_FireBreakGrid\CA_FireBreakGrid,SF_MF_COMB,-1,-1;SFMFMUCOMB "SFMFMUCOMB" true true false 4 Long 0 0 ,First,#,D:\work\Tyler\Firebreak\Grids\Source\CA_FireBreakGrid.gdb\CA_FireBreakGrid\CA_FireBreakGrid,SFMFMUCOMB,-1,-1;SFMFADCOMB "SFMFADCOMB" true true false 4 Long 0 0 ,First,#,D:\work\Tyler\Firebreak\Grids\Source\CA_FireBreakGrid.gdb\CA_FireBreakGrid\CA_FireBreakGrid,SFMFADCOMB,-1,-1;SFMFCHANGE "SFMFCHANGE" true true false 4 Long 0 0 ,First,#,D:\work\Tyler\Firebreak\Grids\Source\CA_FireBreakGrid.gdb\CA_FireBreakGrid\CA_FireBreakGrid,SFMFCHANGE,-1,-1;SFMFMUCHAN "SFMFMUCHAN" true true false 4 Long 0 0 ,First,#,D:\work\Tyler\Firebreak\Grids\Source\CA_FireBreakGrid.gdb\CA_FireBreakGrid\CA_FireBreakGrid,SFMFMUCHAN,-1,-1;SFMFADCHAN "SFMFADCHAN" true true false 4 Long 0 0 ,First,#,D:\work\Tyler\Firebreak\Grids\Source\CA_FireBreakGrid.gdb\CA_FireBreakGrid\CA_FireBreakGrid,SFMFADCHAN,-1,-1;TCMULTIPLY "TCMULTIPLY" true true false 4 Long 0 0 ,First,#,D:\work\Tyler\Firebreak\Grids\Source\CA_FireBreakGrid.gdb\CA_FireBreakGrid\CA_FireBreakGrid,TCMULTIPLY,-1,-1;TCADDTHREE "TCADDTHREE" true true false 4 Long 0 0 ,First,#,D:\work\Tyler\Firebreak\Grids\Source\CA_FireBreakGrid.gdb\CA_FireBreakGrid\CA_FireBreakGrid,TCADDTHREE,-1,-1;TCM_CHANGE "TCM_CHANGE" true true false 4 Long 0 0 ,First,#,D:\work\Tyler\Firebreak\Grids\Source\CA_FireBreakGrid.gdb\CA_FireBreakGrid\CA_FireBreakGrid,TCM_CHANGE,-1,-1;TCA_CHANGE "TCA_CHANGE" true true false 4 Long 0 0 ,First,#,D:\work\Tyler\Firebreak\Grids\Source\CA_FireBreakGrid.gdb\CA_FireBreakGrid\CA_FireBreakGrid,TCA_CHANGE,-1,-1;TC_PERCH "TC_PERCH" true true false 8 Double 0 0 ,First,#,D:\work\Tyler\Firebreak\Grids\Source\CA_FireBreakGrid.gdb\CA_FireBreakGrid\CA_FireBreakGrid,TC_PERCH,-1,-1;TCM_PERCH "TCM_PERCH" true true false 8 Double 0 0 ,First,#,D:\work\Tyler\Firebreak\Grids\Source\CA_FireBreakGrid.gdb\CA_FireBreakGrid\CA_FireBreakGrid,TCM_PERCH,-1,-1;TCA_PERCH "TCA_PERCH" true true false 8 Double 0 0 ,First,#,D:\work\Tyler\Firebreak\Grids\Source\CA_FireBreakGrid.gdb\CA_FireBreakGrid\CA_FireBreakGrid,TCA_PERCH,-1,-1;SFMF_PERCH "SFMF_PERCH" true true false 8 Double 0 0 ,First,#,D:\work\Tyler\Firebreak\Grids\Source\CA_FireBreakGrid.gdb\CA_FireBreakGrid\CA_FireBreakGrid,SFMF_PERCH,-1,-1;SFMFMUPERC "SFMFMUPERC" true true false 8 Double 0 0 ,First,#,D:\work\Tyler\Firebreak\Grids\Source\CA_FireBreakGrid.gdb\CA_FireBreakGrid\CA_FireBreakGrid,SFMFMUPERC,-1,-1;SFMFADPERC "SFMFADPERC" true true false 8 Double 0 0 ,First,#,D:\work\Tyler\Firebreak\Grids\Source\CA_FireBreakGrid.gdb\CA_FireBreakGrid\CA_FireBreakGrid,SFMFADPERC,-1,-1;Shape_Length "Shape_Length" false true true 8 Double 0 0 ,First,#,D:\work\Tyler\Firebreak\Grids\Source\CA_FireBreakGrid.gdb\CA_FireBreakGrid\CA_FireBreakGrid,Shape_Length,-1,-1;Shape_Area "Shape_Area" false true true 8 Double 0 0 ,First,#,D:\work\Tyler\Firebreak\Grids\Source\CA_FireBreakGrid.gdb\CA_FireBreakGrid\CA_FireBreakGrid,Shape_Area,-1,-1;STATE "STATE" true true false 30 Text 0 0 ,First,#,D:\work\Tyler\Firebreak\Grids\Source\CA_FireBreakGrid.gdb\CA_FireBreakGrid\CA_FireBreakGrid,STATE,-1,-1;BREAK_NAME "BREAK_NAME" true true false 30 Text 0 0 ,First,#,D:\work\Tyler\Firebreak\Grids\Source\CA_FireBreakGrid.gdb\CA_FireBreakGrid\CA_FireBreakGrid,BREAK_NAME,-1,-1;RISK_VALUE "RISK_VALUE" true true false 2 Short 0 0 ,First,#,D:\work\Tyler\Firebreak\Grids\Source\CA_FireBreakGrid.gdb\CA_FireBreakGrid\CA_FireBreakGrid,RISK_VALUE,-1,-1" #</Process><Process ToolSource="d:\corelogic\arcgis\desktop10.7\ArcToolbox\Toolboxes\Data Management Tools.tbx\AddField" Date="20210618" Time="152205">AddField D:\work\Tyler\Firebreak\Grids\Source\CA_FireBreakGrid.gdb\CA_FireBreakGrid\CA_FB_0 FLAG TEXT # # 25 # NULLABLE NON_REQUIRED #</Process><Process ToolSource="d:\corelogic\arcgis\desktop10.7\ArcToolbox\Toolboxes\Data Management Tools.tbx\CalculateField" Date="20210618" Time="161333">CalculateField Outgrid_lyr BREAK_NAME "Urban Non-Residential" VB #</Process><Process ToolSource="d:\corelogic\arcgis\desktop10.7\ArcToolbox\Toolboxes\Data Management Tools.tbx\CalculateField" Date="20210618" Time="161336">CalculateField Outgrid_lyr RISK_VALUE 7 VB #</Process><Process ToolSource="d:\corelogic\arcgis\desktop10.7\ArcToolbox\Toolboxes\Data Management Tools.tbx\CalculateField" Date="20210618" Time="161511">CalculateField Outgrid_lyr BREAK_NAME "Urban Non-Residential" VB #</Process><Process ToolSource="d:\corelogic\arcgis\desktop10.7\ArcToolbox\Toolboxes\Data Management Tools.tbx\CalculateField" Date="20210618" Time="161511">CalculateField Outgrid_lyr RISK_VALUE 7 VB #</Process><Process ToolSource="d:\corelogic\arcgis\desktop10.7\ArcToolbox\Toolboxes\Data Management Tools.tbx\CalculateField" Date="20210618" Time="161612">CalculateField Outgrid_lyr BREAK_NAME "ToAssign(Parks&lt;100)" VB #</Process><Process ToolSource="d:\corelogic\arcgis\desktop10.7\ArcToolbox\Toolboxes\Data Management Tools.tbx\CalculateField" Date="20210618" Time="161612">CalculateField Outgrid_lyr FLAG "Review" VB #</Process><Process ToolSource="d:\corelogic\arcgis\desktop10.7\ArcToolbox\Toolboxes\Data Management Tools.tbx\CopyFeatures" Date="20210618" Time="172358">CopyFeatures Outgrid_lyr D:\work\Tyler\Firebreak\Grids\Source\CA_FireBreakGrid.gdb\CA_FireBreakGrid\CA_FB_Still0 # 0 0 0</Process><Process ToolSource="d:\corelogic\arcgis\desktop10.7\ArcToolbox\Toolboxes\Data Management Tools.tbx\CopyFeatures" Date="20210618" Time="182907">CopyFeatures FB_Still0_lyr D:\work\Tyler\Firebreak\Grids\Source\CA_FireBreakGrid.gdb\CA_FireBreakGrid\CA_FB_Still0_DontElim # 0 0 0</Process><Process ToolSource="d:\corelogic\arcgis\desktop10.7\ArcToolbox\Toolboxes\Data Management Tools.tbx\CalculateField" Date="20210618" Time="195443">CalculateField DontElim_lyr BREAK_NAME "Agriculture" VB #</Process><Process ToolSource="d:\corelogic\arcgis\desktop10.7\ArcToolbox\Toolboxes\Data Management Tools.tbx\CalculateField" Date="20210618" Time="195855">CalculateField DontElim_lyr RISK_VALUE 1 VB #</Process><Process ToolSource="d:\corelogic\arcgis\desktop10.7\ArcToolbox\Toolboxes\Data Management Tools.tbx\Merge" Date="20210618" Time="213010">Merge D:\work\Tyler\Firebreak\Grids\Source\CA_FireBreakGrid.gdb\CA_FireBreakGrid\CA_FB_Still0_DontElim;D:\work\Tyler\Firebreak\Grids\Source\CA_FireBreakGrid.gdb\CA_FireBreakGrid\CA_FB_ElimD2 D:\work\Tyler\Firebreak\Grids\Source\CA_FireBreakGrid.gdb\CA_FireBreakGrid\CA_FB_NeedsWater "NHR_FB_ID "NHR_FB_ID" true true false 8 Double 0 0 ,First,#,D:\work\Tyler\Firebreak\Grids\Source\CA_FireBreakGrid.gdb\CA_FireBreakGrid\CA_FB_Still0_DontElim,NHR_FB_ID,-1,-1,D:\work\Tyler\Firebreak\Grids\Source\CA_FireBreakGrid.gdb\CA_FireBreakGrid\CA_FB_ElimD2,NHR_FB_ID,-1,-1;GRIDID "GRIDID" true true false 20 Text 0 0 ,First,#,D:\work\Tyler\Firebreak\Grids\Source\CA_FireBreakGrid.gdb\CA_FireBreakGrid\CA_FB_Still0_DontElim,GRIDID,-1,-1,D:\work\Tyler\Firebreak\Grids\Source\CA_FireBreakGrid.gdb\CA_FireBreakGrid\CA_FB_ElimD2,GRIDID,-1,-1;STATE_ABBR "STATE_ABBR" true true false 2 Text 0 0 ,First,#,D:\work\Tyler\Firebreak\Grids\Source\CA_FireBreakGrid.gdb\CA_FireBreakGrid\CA_FB_Still0_DontElim,STATE_ABBR,-1,-1,D:\work\Tyler\Firebreak\Grids\Source\CA_FireBreakGrid.gdb\CA_FireBreakGrid\CA_FB_ElimD2,STATE_ABBR,-1,-1;STATE_CODE "STATE_CODE" true true false 2 Text 0 0 ,First,#,D:\work\Tyler\Firebreak\Grids\Source\CA_FireBreakGrid.gdb\CA_FireBreakGrid\CA_FB_Still0_DontElim,STATE_CODE,-1,-1,D:\work\Tyler\Firebreak\Grids\Source\CA_FireBreakGrid.gdb\CA_FireBreakGrid\CA_FB_ElimD2,STATE_CODE,-1,-1;HH_COUNT "HH_COUNT" true true false 4 Long 0 0 ,First,#,D:\work\Tyler\Firebreak\Grids\Source\CA_FireBreakGrid.gdb\CA_FireBreakGrid\CA_FB_Still0_DontElim,HH_COUNT,-1,-1,D:\work\Tyler\Firebreak\Grids\Source\CA_FireBreakGrid.gdb\CA_FireBreakGrid\CA_FB_ElimD2,HH_COUNT,-1,-1;DT_COUNT "DT_COUNT" true true false 4 Long 0 0 ,First,#,D:\work\Tyler\Firebreak\Grids\Source\CA_FireBreakGrid.gdb\CA_FireBreakGrid\CA_FB_Still0_DontElim,DT_COUNT,-1,-1,D:\work\Tyler\Firebreak\Grids\Source\CA_FireBreakGrid.gdb\CA_FireBreakGrid\CA_FB_ElimD2,DT_COUNT,-1,-1;SF_COUNT "SF_COUNT" true true false 4 Long 0 0 ,First,#,D:\work\Tyler\Firebreak\Grids\Source\CA_FireBreakGrid.gdb\CA_FireBreakGrid\CA_FB_Still0_DontElim,SF_COUNT,-1,-1,D:\work\Tyler\Firebreak\Grids\Source\CA_FireBreakGrid.gdb\CA_FireBreakGrid\CA_FB_ElimD2,SF_COUNT,-1,-1;MF_COUNT "MF_COUNT" true true false 4 Long 0 0 ,First,#,D:\work\Tyler\Firebreak\Grids\Source\CA_FireBreakGrid.gdb\CA_FireBreakGrid\CA_FB_Still0_DontElim,MF_COUNT,-1,-1,D:\work\Tyler\Firebreak\Grids\Source\CA_FireBreakGrid.gdb\CA_FireBreakGrid\CA_FB_ElimD2,MF_COUNT,-1,-1;MFMULTIPLY "MFMULTIPLY" true true false 4 Long 0 0 ,First,#,D:\work\Tyler\Firebreak\Grids\Source\CA_FireBreakGrid.gdb\CA_FireBreakGrid\CA_FB_Still0_DontElim,MFMULTIPLY,-1,-1,D:\work\Tyler\Firebreak\Grids\Source\CA_FireBreakGrid.gdb\CA_FireBreakGrid\CA_FB_ElimD2,MFMULTIPLY,-1,-1;MFADDTHREE "MFADDTHREE" true true false 4 Long 0 0 ,First,#,D:\work\Tyler\Firebreak\Grids\Source\CA_FireBreakGrid.gdb\CA_FireBreakGrid\CA_FB_Still0_DontElim,MFADDTHREE,-1,-1,D:\work\Tyler\Firebreak\Grids\Source\CA_FireBreakGrid.gdb\CA_FireBreakGrid\CA_FB_ElimD2,MFADDTHREE,-1,-1;UNR_COUNT "UNR_COUNT" true true false 4 Long 0 0 ,First,#,D:\work\Tyler\Firebreak\Grids\Source\CA_FireBreakGrid.gdb\CA_FireBreakGrid\CA_FB_Still0_DontElim,UNR_COUNT,-1,-1,D:\work\Tyler\Firebreak\Grids\Source\CA_FireBreakGrid.gdb\CA_FireBreakGrid\CA_FB_ElimD2,UNR_COUNT,-1,-1;AG_COUNT "AG_COUNT" true true false 4 Long 0 0 ,First,#,D:\work\Tyler\Firebreak\Grids\Source\CA_FireBreakGrid.gdb\CA_FireBreakGrid\CA_FB_Still0_DontElim,AG_COUNT,-1,-1,D:\work\Tyler\Firebreak\Grids\Source\CA_FireBreakGrid.gdb\CA_FireBreakGrid\CA_FB_ElimD2,AG_COUNT,-1,-1;MISC_COUNT "MISC_COUNT" true true false 4 Long 0 0 ,First,#,D:\work\Tyler\Firebreak\Grids\Source\CA_FireBreakGrid.gdb\CA_FireBreakGrid\CA_FB_Still0_DontElim,MISC_COUNT,-1,-1,D:\work\Tyler\Firebreak\Grids\Source\CA_FireBreakGrid.gdb\CA_FireBreakGrid\CA_FB_ElimD2,MISC_COUNT,-1,-1;TOTALCOUNT "TOTALCOUNT" true true false 4 Long 0 0 ,First,#,D:\work\Tyler\Firebreak\Grids\Source\CA_FireBreakGrid.gdb\CA_FireBreakGrid\CA_FB_Still0_DontElim,TOTALCOUNT,-1,-1,D:\work\Tyler\Firebreak\Grids\Source\CA_FireBreakGrid.gdb\CA_FireBreakGrid\CA_FB_ElimD2,TOTALCOUNT,-1,-1;TC_CHANGE "TC_CHANGE" true true false 4 Long 0 0 ,First,#,D:\work\Tyler\Firebreak\Grids\Source\CA_FireBreakGrid.gdb\CA_FireBreakGrid\CA_FB_Still0_DontElim,TC_CHANGE,-1,-1,D:\work\Tyler\Firebreak\Grids\Source\CA_FireBreakGrid.gdb\CA_FireBreakGrid\CA_FB_ElimD2,TC_CHANGE,-1,-1;SF_MF_COMB "SF_MF_COMB" true true false 4 Long 0 0 ,First,#,D:\work\Tyler\Firebreak\Grids\Source\CA_FireBreakGrid.gdb\CA_FireBreakGrid\CA_FB_Still0_DontElim,SF_MF_COMB,-1,-1,D:\work\Tyler\Firebreak\Grids\Source\CA_FireBreakGrid.gdb\CA_FireBreakGrid\CA_FB_ElimD2,SF_MF_COMB,-1,-1;SFMFMUCOMB "SFMFMUCOMB" true true false 4 Long 0 0 ,First,#,D:\work\Tyler\Firebreak\Grids\Source\CA_FireBreakGrid.gdb\CA_FireBreakGrid\CA_FB_Still0_DontElim,SFMFMUCOMB,-1,-1,D:\work\Tyler\Firebreak\Grids\Source\CA_FireBreakGrid.gdb\CA_FireBreakGrid\CA_FB_ElimD2,SFMFMUCOMB,-1,-1;SFMFADCOMB "SFMFADCOMB" true true false 4 Long 0 0 ,First,#,D:\work\Tyler\Firebreak\Grids\Source\CA_FireBreakGrid.gdb\CA_FireBreakGrid\CA_FB_Still0_DontElim,SFMFADCOMB,-1,-1,D:\work\Tyler\Firebreak\Grids\Source\CA_FireBreakGrid.gdb\CA_FireBreakGrid\CA_FB_ElimD2,SFMFADCOMB,-1,-1;SFMFCHANGE "SFMFCHANGE" true true false 4 Long 0 0 ,First,#,D:\work\Tyler\Firebreak\Grids\Source\CA_FireBreakGrid.gdb\CA_FireBreakGrid\CA_FB_Still0_DontElim,SFMFCHANGE,-1,-1,D:\work\Tyler\Firebreak\Grids\Source\CA_FireBreakGrid.gdb\CA_FireBreakGrid\CA_FB_ElimD2,SFMFCHANGE,-1,-1;SFMFMUCHAN "SFMFMUCHAN" true true false 4 Long 0 0 ,First,#,D:\work\Tyler\Firebreak\Grids\Source\CA_FireBreakGrid.gdb\CA_FireBreakGrid\CA_FB_Still0_DontElim,SFMFMUCHAN,-1,-1,D:\work\Tyler\Firebreak\Grids\Source\CA_FireBreakGrid.gdb\CA_FireBreakGrid\CA_FB_ElimD2,SFMFMUCHAN,-1,-1;SFMFADCHAN "SFMFADCHAN" true true false 4 Long 0 0 ,First,#,D:\work\Tyler\Firebreak\Grids\Source\CA_FireBreakGrid.gdb\CA_FireBreakGrid\CA_FB_Still0_DontElim,SFMFADCHAN,-1,-1,D:\work\Tyler\Firebreak\Grids\Source\CA_FireBreakGrid.gdb\CA_FireBreakGrid\CA_FB_ElimD2,SFMFADCHAN,-1,-1;TCMULTIPLY "TCMULTIPLY" true true false 4 Long 0 0 ,First,#,D:\work\Tyler\Firebreak\Grids\Source\CA_FireBreakGrid.gdb\CA_FireBreakGrid\CA_FB_Still0_DontElim,TCMULTIPLY,-1,-1,D:\work\Tyler\Firebreak\Grids\Source\CA_FireBreakGrid.gdb\CA_FireBreakGrid\CA_FB_ElimD2,TCMULTIPLY,-1,-1;TCADDTHREE "TCADDTHREE" true true false 4 Long 0 0 ,First,#,D:\work\Tyler\Firebreak\Grids\Source\CA_FireBreakGrid.gdb\CA_FireBreakGrid\CA_FB_Still0_DontElim,TCADDTHREE,-1,-1,D:\work\Tyler\Firebreak\Grids\Source\CA_FireBreakGrid.gdb\CA_FireBreakGrid\CA_FB_ElimD2,TCADDTHREE,-1,-1;TCM_CHANGE "TCM_CHANGE" true true false 4 Long 0 0 ,First,#,D:\work\Tyler\Firebreak\Grids\Source\CA_FireBreakGrid.gdb\CA_FireBreakGrid\CA_FB_Still0_DontElim,TCM_CHANGE,-1,-1,D:\work\Tyler\Firebreak\Grids\Source\CA_FireBreakGrid.gdb\CA_FireBreakGrid\CA_FB_ElimD2,TCM_CHANGE,-1,-1;TCA_CHANGE "TCA_CHANGE" true true false 4 Long 0 0 ,First,#,D:\work\Tyler\Firebreak\Grids\Source\CA_FireBreakGrid.gdb\CA_FireBreakGrid\CA_FB_Still0_DontElim,TCA_CHANGE,-1,-1,D:\work\Tyler\Firebreak\Grids\Source\CA_FireBreakGrid.gdb\CA_FireBreakGrid\CA_FB_ElimD2,TCA_CHANGE,-1,-1;TC_PERCH "TC_PERCH" true true false 8 Double 0 0 ,First,#,D:\work\Tyler\Firebreak\Grids\Source\CA_FireBreakGrid.gdb\CA_FireBreakGrid\CA_FB_Still0_DontElim,TC_PERCH,-1,-1,D:\work\Tyler\Firebreak\Grids\Source\CA_FireBreakGrid.gdb\CA_FireBreakGrid\CA_FB_ElimD2,TC_PERCH,-1,-1;TCM_PERCH "TCM_PERCH" true true false 8 Double 0 0 ,First,#,D:\work\Tyler\Firebreak\Grids\Source\CA_FireBreakGrid.gdb\CA_FireBreakGrid\CA_FB_Still0_DontElim,TCM_PERCH,-1,-1,D:\work\Tyler\Firebreak\Grids\Source\CA_FireBreakGrid.gdb\CA_FireBreakGrid\CA_FB_ElimD2,TCM_PERCH,-1,-1;TCA_PERCH "TCA_PERCH" true true false 8 Double 0 0 ,First,#,D:\work\Tyler\Firebreak\Grids\Source\CA_FireBreakGrid.gdb\CA_FireBreakGrid\CA_FB_Still0_DontElim,TCA_PERCH,-1,-1,D:\work\Tyler\Firebreak\Grids\Source\CA_FireBreakGrid.gdb\CA_FireBreakGrid\CA_FB_ElimD2,TCA_PERCH,-1,-1;SFMF_PERCH "SFMF_PERCH" true true false 8 Double 0 0 ,First,#,D:\work\Tyler\Firebreak\Grids\Source\CA_FireBreakGrid.gdb\CA_FireBreakGrid\CA_FB_Still0_DontElim,SFMF_PERCH,-1,-1,D:\work\Tyler\Firebreak\Grids\Source\CA_FireBreakGrid.gdb\CA_FireBreakGrid\CA_FB_ElimD2,SFMF_PERCH,-1,-1;SFMFMUPERC "SFMFMUPERC" true true false 8 Double 0 0 ,First,#,D:\work\Tyler\Firebreak\Grids\Source\CA_FireBreakGrid.gdb\CA_FireBreakGrid\CA_FB_Still0_DontElim,SFMFMUPERC,-1,-1,D:\work\Tyler\Firebreak\Grids\Source\CA_FireBreakGrid.gdb\CA_FireBreakGrid\CA_FB_ElimD2,SFMFMUPERC,-1,-1;SFMFADPERC "SFMFADPERC" true true false 8 Double 0 0 ,First,#,D:\work\Tyler\Firebreak\Grids\Source\CA_FireBreakGrid.gdb\CA_FireBreakGrid\CA_FB_Still0_DontElim,SFMFADPERC,-1,-1,D:\work\Tyler\Firebreak\Grids\Source\CA_FireBreakGrid.gdb\CA_FireBreakGrid\CA_FB_ElimD2,SFMFADPERC,-1,-1;STATE "STATE" true true false 30 Text 0 0 ,First,#,D:\work\Tyler\Firebreak\Grids\Source\CA_FireBreakGrid.gdb\CA_FireBreakGrid\CA_FB_Still0_DontElim,STATE,-1,-1,D:\work\Tyler\Firebreak\Grids\Source\CA_FireBreakGrid.gdb\CA_FireBreakGrid\CA_FB_ElimD2,STATE,-1,-1;BREAK_NAME "BREAK_NAME" true true false 30 Text 0 0 ,First,#,D:\work\Tyler\Firebreak\Grids\Source\CA_FireBreakGrid.gdb\CA_FireBreakGrid\CA_FB_Still0_DontElim,BREAK_NAME,-1,-1,D:\work\Tyler\Firebreak\Grids\Source\CA_FireBreakGrid.gdb\CA_FireBreakGrid\CA_FB_ElimD2,BREAK_NAME,-1,-1;RISK_VALUE "RISK_VALUE" true true false 2 Short 0 0 ,First,#,D:\work\Tyler\Firebreak\Grids\Source\CA_FireBreakGrid.gdb\CA_FireBreakGrid\CA_FB_Still0_DontElim,RISK_VALUE,-1,-1,D:\work\Tyler\Firebreak\Grids\Source\CA_FireBreakGrid.gdb\CA_FireBreakGrid\CA_FB_ElimD2,RISK_VALUE,-1,-1;FLAG "FLAG" true true false 25 Text 0 0 ,First,#,D:\work\Tyler\Firebreak\Grids\Source\CA_FireBreakGrid.gdb\CA_FireBreakGrid\CA_FB_Still0_DontElim,FLAG,-1,-1,D:\work\Tyler\Firebreak\Grids\Source\CA_FireBreakGrid.gdb\CA_FireBreakGrid\CA_FB_ElimD2,FLAG,-1,-1;Shape_Length "Shape_Length" false true true 8 Double 0 0 ,First,#,D:\work\Tyler\Firebreak\Grids\Source\CA_FireBreakGrid.gdb\CA_FireBreakGrid\CA_FB_Still0_DontElim,Shape_Length,-1,-1,D:\work\Tyler\Firebreak\Grids\Source\CA_FireBreakGrid.gdb\CA_FireBreakGrid\CA_FB_ElimD2,Shape_Length,-1,-1;Shape_Area "Shape_Area" false true true 8 Double 0 0 ,First,#,D:\work\Tyler\Firebreak\Grids\Source\CA_FireBreakGrid.gdb\CA_FireBreakGrid\CA_FB_Still0_DontElim,Shape_Area,-1,-1,D:\work\Tyler\Firebreak\Grids\Source\CA_FireBreakGrid.gdb\CA_FireBreakGrid\CA_FB_ElimD2,Shape_Area,-1,-1"</Process><Process ToolSource="d:\corelogic\arcgis\desktop10.7\ArcToolbox\Toolboxes\Data Management Tools.tbx\CalculateField" Date="20210618" Time="230600">CalculateField FBWater_lyr BREAK_NAME "Water" VB #</Process><Process ToolSource="d:\corelogic\arcgis\desktop10.7\ArcToolbox\Toolboxes\Data Management Tools.tbx\CalculateField" Date="20210618" Time="230638">CalculateField FBWater_lyr RISK_VALUE 8 VB #</Process><Process ToolSource="d:\corelogic\arcgis\desktop10.7\ArcToolbox\Toolboxes\Data Management Tools.tbx\CalculateField" Date="20210618" Time="233901">CalculateField FBWater_lyr BREAK_NAME "Wildland" VB #</Process><Process ToolSource="d:\corelogic\arcgis\desktop10.7\ArcToolbox\Toolboxes\Data Management Tools.tbx\CalculateField" Date="20210619" Time="001040">CalculateField FBWater_lyr RISK_VALUE 9 VB #</Process><Process ToolSource="d:\corelogic\arcgis\desktop10.7\ArcToolbox\Toolboxes\Conversion Tools.tbx\FeatureClassToFeatureClass" Date="20210619" Time="011912">FeatureClassToFeatureClass D:\work\Tyler\Firebreak\Grids\Source\CA_FireBreakGrid.gdb\CA_FireBreakGrid\CA_FB_NeedsWater D:\work\Tyler\Firebreak\Grids\Source\CA_FireBreakGrid.gdb\CA_FireBreakGrid \CA_with_Wildland # "NHR_FB_ID "NHR_FB_ID" true true false 8 Double 0 0 ,First,#,D:\work\Tyler\Firebreak\Grids\Source\CA_FireBreakGrid.gdb\CA_FireBreakGrid\CA_FB_NeedsWater,NHR_FB_ID,-1,-1;GRIDID "GRIDID" true true false 20 Text 0 0 ,First,#,D:\work\Tyler\Firebreak\Grids\Source\CA_FireBreakGrid.gdb\CA_FireBreakGrid\CA_FB_NeedsWater,GRIDID,-1,-1;STATE_ABBR "STATE_ABBR" true true false 2 Text 0 0 ,First,#,D:\work\Tyler\Firebreak\Grids\Source\CA_FireBreakGrid.gdb\CA_FireBreakGrid\CA_FB_NeedsWater,STATE_ABBR,-1,-1;STATE_CODE "STATE_CODE" true true false 2 Text 0 0 ,First,#,D:\work\Tyler\Firebreak\Grids\Source\CA_FireBreakGrid.gdb\CA_FireBreakGrid\CA_FB_NeedsWater,STATE_CODE,-1,-1;HH_COUNT "HH_COUNT" true true false 4 Long 0 0 ,First,#,D:\work\Tyler\Firebreak\Grids\Source\CA_FireBreakGrid.gdb\CA_FireBreakGrid\CA_FB_NeedsWater,HH_COUNT,-1,-1;DT_COUNT "DT_COUNT" true true false 4 Long 0 0 ,First,#,D:\work\Tyler\Firebreak\Grids\Source\CA_FireBreakGrid.gdb\CA_FireBreakGrid\CA_FB_NeedsWater,DT_COUNT,-1,-1;SF_COUNT "SF_COUNT" true true false 4 Long 0 0 ,First,#,D:\work\Tyler\Firebreak\Grids\Source\CA_FireBreakGrid.gdb\CA_FireBreakGrid\CA_FB_NeedsWater,SF_COUNT,-1,-1;MF_COUNT "MF_COUNT" true true false 4 Long 0 0 ,First,#,D:\work\Tyler\Firebreak\Grids\Source\CA_FireBreakGrid.gdb\CA_FireBreakGrid\CA_FB_NeedsWater,MF_COUNT,-1,-1;MFMULTIPLY "MFMULTIPLY" true true false 4 Long 0 0 ,First,#,D:\work\Tyler\Firebreak\Grids\Source\CA_FireBreakGrid.gdb\CA_FireBreakGrid\CA_FB_NeedsWater,MFMULTIPLY,-1,-1;MFADDTHREE "MFADDTHREE" true true false 4 Long 0 0 ,First,#,D:\work\Tyler\Firebreak\Grids\Source\CA_FireBreakGrid.gdb\CA_FireBreakGrid\CA_FB_NeedsWater,MFADDTHREE,-1,-1;UNR_COUNT "UNR_COUNT" true true false 4 Long 0 0 ,First,#,D:\work\Tyler\Firebreak\Grids\Source\CA_FireBreakGrid.gdb\CA_FireBreakGrid\CA_FB_NeedsWater,UNR_COUNT,-1,-1;AG_COUNT "AG_COUNT" true true false 4 Long 0 0 ,First,#,D:\work\Tyler\Firebreak\Grids\Source\CA_FireBreakGrid.gdb\CA_FireBreakGrid\CA_FB_NeedsWater,AG_COUNT,-1,-1;MISC_COUNT "MISC_COUNT" true true false 4 Long 0 0 ,First,#,D:\work\Tyler\Firebreak\Grids\Source\CA_FireBreakGrid.gdb\CA_FireBreakGrid\CA_FB_NeedsWater,MISC_COUNT,-1,-1;TOTALCOUNT "TOTALCOUNT" true true false 4 Long 0 0 ,First,#,D:\work\Tyler\Firebreak\Grids\Source\CA_FireBreakGrid.gdb\CA_FireBreakGrid\CA_FB_NeedsWater,TOTALCOUNT,-1,-1;TC_CHANGE "TC_CHANGE" true true false 4 Long 0 0 ,First,#,D:\work\Tyler\Firebreak\Grids\Source\CA_FireBreakGrid.gdb\CA_FireBreakGrid\CA_FB_NeedsWater,TC_CHANGE,-1,-1;SF_MF_COMB "SF_MF_COMB" true true false 4 Long 0 0 ,First,#,D:\work\Tyler\Firebreak\Grids\Source\CA_FireBreakGrid.gdb\CA_FireBreakGrid\CA_FB_NeedsWater,SF_MF_COMB,-1,-1;SFMFMUCOMB "SFMFMUCOMB" true true false 4 Long 0 0 ,First,#,D:\work\Tyler\Firebreak\Grids\Source\CA_FireBreakGrid.gdb\CA_FireBreakGrid\CA_FB_NeedsWater,SFMFMUCOMB,-1,-1;SFMFADCOMB "SFMFADCOMB" true true false 4 Long 0 0 ,First,#,D:\work\Tyler\Firebreak\Grids\Source\CA_FireBreakGrid.gdb\CA_FireBreakGrid\CA_FB_NeedsWater,SFMFADCOMB,-1,-1;SFMFCHANGE "SFMFCHANGE" true true false 4 Long 0 0 ,First,#,D:\work\Tyler\Firebreak\Grids\Source\CA_FireBreakGrid.gdb\CA_FireBreakGrid\CA_FB_NeedsWater,SFMFCHANGE,-1,-1;SFMFMUCHAN "SFMFMUCHAN" true true false 4 Long 0 0 ,First,#,D:\work\Tyler\Firebreak\Grids\Source\CA_FireBreakGrid.gdb\CA_FireBreakGrid\CA_FB_NeedsWater,SFMFMUCHAN,-1,-1;SFMFADCHAN "SFMFADCHAN" true true false 4 Long 0 0 ,First,#,D:\work\Tyler\Firebreak\Grids\Source\CA_FireBreakGrid.gdb\CA_FireBreakGrid\CA_FB_NeedsWater,SFMFADCHAN,-1,-1;TCMULTIPLY "TCMULTIPLY" true true false 4 Long 0 0 ,First,#,D:\work\Tyler\Firebreak\Grids\Source\CA_FireBreakGrid.gdb\CA_FireBreakGrid\CA_FB_NeedsWater,TCMULTIPLY,-1,-1;TCADDTHREE "TCADDTHREE" true true false 4 Long 0 0 ,First,#,D:\work\Tyler\Firebreak\Grids\Source\CA_FireBreakGrid.gdb\CA_FireBreakGrid\CA_FB_NeedsWater,TCADDTHREE,-1,-1;TCM_CHANGE "TCM_CHANGE" true true false 4 Long 0 0 ,First,#,D:\work\Tyler\Firebreak\Grids\Source\CA_FireBreakGrid.gdb\CA_FireBreakGrid\CA_FB_NeedsWater,TCM_CHANGE,-1,-1;TCA_CHANGE "TCA_CHANGE" true true false 4 Long 0 0 ,First,#,D:\work\Tyler\Firebreak\Grids\Source\CA_FireBreakGrid.gdb\CA_FireBreakGrid\CA_FB_NeedsWater,TCA_CHANGE,-1,-1;TC_PERCH "TC_PERCH" true true false 8 Double 0 0 ,First,#,D:\work\Tyler\Firebreak\Grids\Source\CA_FireBreakGrid.gdb\CA_FireBreakGrid\CA_FB_NeedsWater,TC_PERCH,-1,-1;TCM_PERCH "TCM_PERCH" true true false 8 Double 0 0 ,First,#,D:\work\Tyler\Firebreak\Grids\Source\CA_FireBreakGrid.gdb\CA_FireBreakGrid\CA_FB_NeedsWater,TCM_PERCH,-1,-1;TCA_PERCH "TCA_PERCH" true true false 8 Double 0 0 ,First,#,D:\work\Tyler\Firebreak\Grids\Source\CA_FireBreakGrid.gdb\CA_FireBreakGrid\CA_FB_NeedsWater,TCA_PERCH,-1,-1;SFMF_PERCH "SFMF_PERCH" true true false 8 Double 0 0 ,First,#,D:\work\Tyler\Firebreak\Grids\Source\CA_FireBreakGrid.gdb\CA_FireBreakGrid\CA_FB_NeedsWater,SFMF_PERCH,-1,-1;SFMFMUPERC "SFMFMUPERC" true true false 8 Double 0 0 ,First,#,D:\work\Tyler\Firebreak\Grids\Source\CA_FireBreakGrid.gdb\CA_FireBreakGrid\CA_FB_NeedsWater,SFMFMUPERC,-1,-1;SFMFADPERC "SFMFADPERC" true true false 8 Double 0 0 ,First,#,D:\work\Tyler\Firebreak\Grids\Source\CA_FireBreakGrid.gdb\CA_FireBreakGrid\CA_FB_NeedsWater,SFMFADPERC,-1,-1;STATE "STATE" true true false 30 Text 0 0 ,First,#,D:\work\Tyler\Firebreak\Grids\Source\CA_FireBreakGrid.gdb\CA_FireBreakGrid\CA_FB_NeedsWater,STATE,-1,-1;BREAK_NAME "BREAK_NAME" true true false 30 Text 0 0 ,First,#,D:\work\Tyler\Firebreak\Grids\Source\CA_FireBreakGrid.gdb\CA_FireBreakGrid\CA_FB_NeedsWater,BREAK_NAME,-1,-1;RISK_VALUE "RISK_VALUE" true true false 2 Short 0 0 ,First,#,D:\work\Tyler\Firebreak\Grids\Source\CA_FireBreakGrid.gdb\CA_FireBreakGrid\CA_FB_NeedsWater,RISK_VALUE,-1,-1;FLAG "FLAG" true true false 25 Text 0 0 ,First,#,D:\work\Tyler\Firebreak\Grids\Source\CA_FireBreakGrid.gdb\CA_FireBreakGrid\CA_FB_NeedsWater,FLAG,-1,-1;Shape_Length "Shape_Length" false true true 8 Double 0 0 ,First,#,D:\work\Tyler\Firebreak\Grids\Source\CA_FireBreakGrid.gdb\CA_FireBreakGrid\CA_FB_NeedsWater,Shape_Length,-1,-1;Shape_Area "Shape_Area" false true true 8 Double 0 0 ,First,#,D:\work\Tyler\Firebreak\Grids\Source\CA_FireBreakGrid.gdb\CA_FireBreakGrid\CA_FB_NeedsWater,Shape_Area,-1,-1" #</Process><Process ToolSource="d:\corelogic\arcgis\desktop10.7\ArcToolbox\Toolboxes\Analysis Tools.tbx\Identity" Date="20210619" Time="024208">Identity D:\work\Tyler\Firebreak\Grids\Source\CA_FireBreakGrid.gdb\CA_FireBreakGrid\CA_with_Wildland D:\work\Tyler\Firebreak\Grids\Source\CA_FireBreakGrid.gdb\CA_FireBreakGrid\CA_FB_ElimINPUT D:\work\Tyler\Firebreak\Grids\Source\CA_FireBreakGrid.gdb\CA_FireBreakGrid\Firebreak_CA_2021_06_ToFinalize ONLY_FID # NO_RELATIONSHIPS</Process><Process ToolSource="d:\corelogic\arcgis\desktop10.7\ArcToolbox\Toolboxes\Data Management Tools.tbx\CalculateField" Date="20210619" Time="024228">CalculateField FBFinal_lyr RISK_VALUE NULL VB #</Process><Process ToolSource="d:\corelogic\arcgis\desktop10.7\ArcToolbox\Toolboxes\Data Management Tools.tbx\DeleteField" Date="20210619" Time="171712">DeleteField D:\work\Tyler\Firebreak\Grids\Source\CA_FireBreakGrid.gdb\CA_FireBreakGrid\Firebreak_CA_2021_06_ToFinalize FID_CA_with_Wildland;NHR_FB_ID;GRIDID;STATE_ABBR;STATE_CODE;HH_COUNT;DT_COUNT;SF_COUNT;MF_COUNT;MFMULTIPLY;MFADDTHREE;UNR_COUNT;AG_COUNT;MISC_COUNT;TOTALCOUNT;TC_CHANGE;SF_MF_COMB;SFMFMUCOMB;SFMFADCOMB;SFMFCHANGE;SFMFMUCHAN;SFMFADCHAN;TCMULTIPLY;TCADDTHREE;TCM_CHANGE;TCA_CHANGE;TC_PERCH;TCM_PERCH;TCA_PERCH;SFMF_PERCH;SFMFMUPERC;SFMFADPERC;FID_CA_FB_ElimINPUT</Process><Process ToolSource="d:\corelogic\arcgis\desktop10.7\ArcToolbox\Toolboxes\Analysis Tools.tbx\SpatialJoin" Date="20210622" Time="145147">SpatialJoin newest tojoin D:\work\Tyler\Firebreak\Grids\Source\CA_FireBreakGrid.gdb\CA_FireBreakGrid\Firebreak_CA_2021_06_ToFinalize_Joined JOIN_ONE_TO_ONE KEEP_ALL "STATE "STATE" true true false 30 Text 0 0 ,First,#,newest,STATE,-1,-1;BREAK_NAME "BREAK_NAME" true true false 30 Text 0 0 ,First,#,newest,BREAK_NAME,-1,-1;RISK_VALUE "RISK_VALUE" true true false 2 Short 0 0 ,First,#,newest,RISK_VALUE,-1,-1;FLAG "FLAG" true true false 25 Text 0 0 ,First,#,newest,FLAG,-1,-1;Shape_Length "Shape_Length" false true true 8 Double 0 0 ,First,#,newest,Shape_Length,-1,-1;Shape_Area "Shape_Area" false true true 8 Double 0 0 ,First,#,newest,Shape_Area,-1,-1;STATE_1 "STATE" true true false 30 Text 0 0 ,First,#,tojoin,STATE,-1,-1;BREAK_NAME_1 "BREAK_NAME" true true false 30 Text 0 0 ,First,#,tojoin,BREAK_NAME,-1,-1;RISK_VALUE_1 "RISK_VALUE" true true false 4 Long 0 0 ,First,#,tojoin,RISK_VALUE,-1,-1;FLAG_1 "FLAG" true true false 25 Text 0 0 ,First,#,tojoin,FLAG,-1,-1;Shape_Leng "Shape_Leng" true true false 8 Double 0 0 ,First,#,tojoin,Shape_Leng,-1,-1;Shape_Length_1 "Shape_Length_1" false true true 8 Double 0 0 ,First,#,tojoin,Shape_Length,-1,-1;Shape_Area_1 "Shape_Area_1" false true true 8 Double 0 0 ,First,#,tojoin,Shape_Area,-1,-1" HAVE_THEIR_CENTER_IN # #</Process><Process ToolSource="d:\corelogic\arcgis\desktop10.7\ArcToolbox\Toolboxes\Data Management Tools.tbx\CalculateField" Date="20210622" Time="145232">CalculateField joined_fc BREAK_NAME !BREAK_NAME_1! PYTHON #</Process><Process ToolSource="d:\corelogic\arcgis\desktop10.7\ArcToolbox\Toolboxes\Data Management Tools.tbx\CalculateField" Date="20210622" Time="145316">CalculateField joined_fc RISK_VALUE !RISK_VALUE_1! PYTHON #</Process><Process ToolSource="d:\corelogic\arcgis\desktop10.7\ArcToolbox\Toolboxes\Data Management Tools.tbx\CopyFeatures" Date="20210622" Time="155811">CopyFeatures full_joined_fc D:\work\Tyler\Firebreak\Grids\Source\CA_FireBreakGrid.gdb\CA_FireBreakGrid\Firebreak_CA_2021_06_ToFinalize_Final # 0 0 0</Process><Process ToolSource="d:\corelogic\arcgis\desktop10.7\ArcToolbox\Toolboxes\Data Management Tools.tbx\DeleteField" Date="20210622" Time="182219">DeleteField final_fc Join_Count;TARGET_FID;STATE_1;BREAK_NAME_1;RISK_VALUE_1;FLAG_1;Shape_Leng;Shape_Length_1;Shape_Area_1</Process><Process ToolSource="d:\corelogic\arcgis\desktop10.7\ArcToolbox\Toolboxes\Conversion Tools.tbx\FeatureClassToFeatureClass" Date="20210629" Time="165240">FeatureClassToFeatureClass D:\work\Tyler\Firebreak\Grids\Source\CA_FireBreakGrid.gdb\CA_FireBreakGrid\Firebreak_CA_2021_06_ToFinalize_Final D:\work\Tyler\Firebreak\Grids\Source\CA_FireBreakGrid.gdb\CA_FireBreakGrid \Firebreak_2021_06_CA_Internal # "STATE "STATE" true true false 30 Text 0 0 ,First,#,D:\work\Tyler\Firebreak\Grids\Source\CA_FireBreakGrid.gdb\CA_FireBreakGrid\Firebreak_CA_2021_06_ToFinalize_Final,STATE,-1,-1;BREAK_NAME "BREAK_NAME" true true false 30 Text 0 0 ,First,#,D:\work\Tyler\Firebreak\Grids\Source\CA_FireBreakGrid.gdb\CA_FireBreakGrid\Firebreak_CA_2021_06_ToFinalize_Final,BREAK_NAME,-1,-1;RISK_VALUE "RISK_VALUE" true true false 2 Short 0 0 ,First,#,D:\work\Tyler\Firebreak\Grids\Source\CA_FireBreakGrid.gdb\CA_FireBreakGrid\Firebreak_CA_2021_06_ToFinalize_Final,RISK_VALUE,-1,-1;FLAG "FLAG" true true false 25 Text 0 0 ,First,#,D:\work\Tyler\Firebreak\Grids\Source\CA_FireBreakGrid.gdb\CA_FireBreakGrid\Firebreak_CA_2021_06_ToFinalize_Final,FLAG,-1,-1;Shape_Length "Shape_Length" false true true 8 Double 0 0 ,First,#,D:\work\Tyler\Firebreak\Grids\Source\CA_FireBreakGrid.gdb\CA_FireBreakGrid\Firebreak_CA_2021_06_ToFinalize_Final,Shape_Length,-1,-1;Shape_Area "Shape_Area" false true true 8 Double 0 0 ,First,#,D:\work\Tyler\Firebreak\Grids\Source\CA_FireBreakGrid.gdb\CA_FireBreakGrid\Firebreak_CA_2021_06_ToFinalize_Final,Shape_Area,-1,-1" #</Process><Process ToolSource="d:\corelogic\arcgis\desktop10.7\ArcToolbox\Toolboxes\Data Management Tools.tbx\CalculateField" Date="20210629" Time="170217">CalculateField FCInternal_lyr FLAG 'Assigned on 062021' PYTHON #</Process><Process ToolSource="d:\corelogic\arcgis\desktop10.7\ArcToolbox\Toolboxes\Data Management Tools.tbx\CopyFeatures" Date="20210629" Time="182230">CopyFeatures D:\work\Tyler\Firebreak\Grids\Source\CA_FireBreakGrid.gdb\CA_FireBreakGrid\Firebreak_2021_06_CA_Internal "D:\work\Tyler\Firebreak\FIREbreak 2021 Q2\Data\Firebreak_2021_06_CA_Internal.shp" # 0 0 0</Process><Process ToolSource="d:\corelogic\arcgis\desktop10.7\ArcToolbox\Toolboxes\Data Management Tools.tbx\DeleteField" Date="20210629" Time="183409">DeleteField "D:\work\Tyler\Firebreak\FIREbreak 2021 Q2\Data\Firebreak_2021_06_CA_Internal.shp" Shape_Leng;Shape_Area</Process><Process ToolSource="c:\program files\arcgis\pro\Resources\ArcToolbox\toolboxes\Conversion Tools.tbx\FeatureClassToFeatureClass" Date="20210907" Time="115139">FeatureClassToFeatureClass "Firebreak_2021_07_CA_Internal selection" "C:\Users\andolson\OneDrive - CoreLogic Solutions, LLC\Documents\WORKING\WildFire\AI_Images\FirebreakData\FirebreakGrids.gdb\InternalGrids" Firebreak_AOIs_CA # "STATE "STATE" true true false 30 Text 0 0,First,#,Firebreak_2021_07_CA_Internal selection,STATE,0,30;BREAK_NAME "BREAK_NAME" true true false 30 Text 0 0,First,#,Firebreak_2021_07_CA_Internal selection,BREAK_NAME,0,30;RISK_VALUE "RISK_VALUE" true true false 5 Long 0 5,First,#,Firebreak_2021_07_CA_Internal selection,RISK_VALUE,-1,-1;FLAG "FLAG" true true false 25 Text 0 0,First,#,Firebreak_2021_07_CA_Internal selection,FLAG,0,25" #</Process><Process ToolSource="c:\program files\arcgis\pro\Resources\ArcToolbox\toolboxes\Data Management Tools.tbx\UpdateSchema" Date="20210907" Time="115248">UpdateSchema "CIMDATA=&lt;CIMFeatureDatasetDataConnection xsi:type='typens:CIMFeatureDatasetDataConnection' xmlns:xsi='http://www.w3.org/2001/XMLSchema-instance' xmlns:xs='http://www.w3.org/2001/XMLSchema' xmlns:typens='http://www.esri.com/schemas/ArcGIS/2.4.0'&gt;&lt;FeatureDataset&gt;InternalGrids&lt;/FeatureDataset&gt;&lt;WorkspaceConnectionString&gt;DATABASE=C:\Users\andolson\OneDrive - CoreLogic Solutions, LLC\Documents\WORKING\WildFire\AI_Images\FirebreakData\FirebreakGrids.gdb&lt;/WorkspaceConnectionString&gt;&lt;WorkspaceFactory&gt;FileGDB&lt;/WorkspaceFactory&gt;&lt;Dataset&gt;Firebreak_AOIs_CA&lt;/Dataset&gt;&lt;DatasetType&gt;esriDTFeatureClass&lt;/DatasetType&gt;&lt;/CIMFeatureDatasetDataConnection&gt;" &lt;operationSequence&gt;&lt;workflow&gt;&lt;AddField&gt;&lt;field_name&gt;AOI_Name&lt;/field_name&gt;&lt;field_type&gt;TEXT&lt;/field_type&gt;&lt;field_length&gt;255&lt;/field_length&gt;&lt;field_alias&gt;AOI_Name&lt;/field_alias&gt;&lt;field_is_nullable&gt;True&lt;/field_is_nullable&gt;&lt;field_is_required&gt;False&lt;/field_is_required&gt;&lt;/AddField&gt;&lt;/workflow&gt;&lt;workflow&gt;&lt;AddField&gt;&lt;field_name&gt;AI_ID&lt;/field_name&gt;&lt;field_type&gt;LONG&lt;/field_type&gt;&lt;field_alias&gt;AI_ID&lt;/field_alias&gt;&lt;field_is_nullable&gt;True&lt;/field_is_nullable&gt;&lt;field_is_required&gt;False&lt;/field_is_required&gt;&lt;/AddField&gt;&lt;/workflow&gt;&lt;/operationSequence&gt;</Process><Process ToolSource="c:\program files\arcgis\pro\Resources\ArcToolbox\toolboxes\Data Management Tools.tbx\CalculateField" Date="20210907" Time="115320">CalculateField Firebreak_AOIs_CA AI_ID !OBJECTID! "Python 3" #</Process><Process ToolSource="c:\program files\arcgis\pro\Resources\ArcToolbox\toolboxes\Analysis Tools.tbx\SpatialJoin" Date="20210907" Time="115802">SpatialJoin Firebreak_AOIs_CA Tiger_Team_Coverage_Areas "C:\Users\andolson\OneDrive - CoreLogic Solutions, LLC\Documents\WORKING\WildFire\AI_Images\FirebreakData\FirebreakGrids.gdb\InternalGrids\Firebreak_Join" "Join one to one" KEEP_COMMON "STATE "STATE" true true false 30 Text 0 0,First,#,Firebreak_AOIs_CA,STATE,0,30;BREAK_NAME "BREAK_NAME" true true false 30 Text 0 0,First,#,Firebreak_AOIs_CA,BREAK_NAME,0,30;RISK_VALUE "RISK_VALUE" true true false 4 Long 0 0,First,#,Firebreak_AOIs_CA,RISK_VALUE,-1,-1;FLAG "FLAG" true true false 25 Text 0 0,First,#,Firebreak_AOIs_CA,FLAG,0,25;Shape_Length "Shape_Length" false true true 8 Double 0 0,First,#,Firebreak_AOIs_CA,Shape_Length,-1,-1;Shape_Area "Shape_Area" false true true 8 Double 0 0,First,#,Firebreak_AOIs_CA,Shape_Area,-1,-1;AOI_Name "AOI_Name" true true false 255 Text 0 0,First,#,Firebreak_AOIs_CA,AOI_Name,0,255;AI_ID "AI_ID" true true false 4 Long 0 0,First,#,Firebreak_AOIs_CA,AI_ID,-1,-1;Id "Id" true true false 6 Long 0 6,First,#,Tiger_Team_Coverage_Areas,Id,-1,-1;Descript "Descript" true true false 100 Text 0 0,First,#,Tiger_Team_Coverage_Areas,Descript,0,100" Intersect # #</Process><Process ToolSource="c:\program files\arcgis\pro\Resources\ArcToolbox\toolboxes\Data Management Tools.tbx\DeleteField" Date="20210907" Time="115843">DeleteField Firebreak_Join Descript</Process><Process ToolSource="c:\program files\arcgis\pro\Resources\ArcToolbox\toolboxes\Data Management Tools.tbx\DeleteField" Date="20210907" Time="115859">DeleteField Firebreak_Join FLAG</Process><Process ToolSource="c:\program files\arcgis\pro\Resources\ArcToolbox\toolboxes\Data Management Tools.tbx\DeleteField" Date="20210907" Time="115909">DeleteField Firebreak_Join Join_Count</Process><Process ToolSource="c:\program files\arcgis\pro\Resources\ArcToolbox\toolboxes\Data Management Tools.tbx\DeleteField" Date="20210907" Time="115916">DeleteField Firebreak_Join TARGET_FID</Process><Process ToolSource="c:\program files\arcgis\pro\Resources\ArcToolbox\toolboxes\Data Management Tools.tbx\CalculateField" Date="20210907" Time="120212">CalculateField Firebreak_Join AOI_Name 'Big Bear City' "Python 3" #</Process><Process ToolSource="c:\program files\arcgis\pro\Resources\ArcToolbox\toolboxes\Data Management Tools.tbx\CalculateField" Date="20210907" Time="120409">CalculateField Firebreak_Join AOI_Name 'Fallbrook' "Python 3" #</Process><Process ToolSource="c:\program files\arcgis\pro\Resources\ArcToolbox\toolboxes\Data Management Tools.tbx\CalculateField" Date="20210907" Time="123933">CalculateField Firebreak_Join AOI_Name 'Santa Rosa' "Python 3" #</Process><Process ToolSource="c:\program files\arcgis\pro\Resources\ArcToolbox\toolboxes\Data Management Tools.tbx\CalculateField" Date="20210907" Time="124052">CalculateField Firebreak_Join AOI_Name 'Pioneertown' "Python 3" #</Process><Process ToolSource="c:\program files\arcgis\pro\Resources\ArcToolbox\toolboxes\Data Management Tools.tbx\CalculateField" Date="20210907" Time="124436">CalculateField Firebreak_Join AOI_Name 'San Jose' "Python 3" #</Process><Process ToolSource="c:\program files\arcgis\pro\Resources\ArcToolbox\toolboxes\Conversion Tools.tbx\FeatureClassToFeatureClass" Date="20210907" Time="124903">FeatureClassToFeatureClass Firebreak_Join "C:\Users\andolson\OneDrive - CoreLogic Solutions, LLC\Documents\WORKING\WildFire\AI_Images\FirebreakData\QGIS" CA_ML_Image_Footprints.shp # "STATE "STATE" true true false 30 Text 0 0,First,#,Firebreak_Join,STATE,0,30;BREAK_NAME "BREAK_NAME" true true false 30 Text 0 0,First,#,Firebreak_Join,BREAK_NAME,0,30;RISK_VALUE "RISK_VALUE" true true false 4 Long 0 0,First,#,Firebreak_Join,RISK_VALUE,-1,-1;AOI_Name "AOI_Name" true true false 255 Text 0 0,First,#,Firebreak_Join,AOI_Name,0,255;AI_ID "AI_ID" true true false 4 Long 0 0,First,#,Firebreak_Join,AI_ID,-1,-1;Id "Id" true true false 4 Long 0 0,First,#,Firebreak_Join,Id,-1,-1;Shape_Leng "Shape_Length" false true true 8 Double 0 0,First,#,Firebreak_Join,Shape_Length,-1,-1;Shape_Area "Shape_Area" false true true 8 Double 0 0,First,#,Firebreak_Join,Shape_Area,-1,-1" #</Process><Process ToolSource="c:\program files\arcgis\pro\Resources\ArcToolbox\toolboxes\Data Management Tools.tbx\Rename" Date="20210907" Time="131759">Rename "C:\Users\andolson\OneDrive - CoreLogic Solutions, LLC\Documents\WORKING\WildFire\AI_Images\FirebreakData\QGIS\CA_ML_Image_Footprints.shp" "C:\Users\andolson\OneDrive - CoreLogic Solutions, LLC\Documents\WORKING\WildFire\AI_Images\FirebreakData\QGIS\CAFirebreak_JPG_Footprints.shp" ShapeFile</Process><Process ToolSource="c:\program files\arcgis\pro\Resources\ArcToolbox\toolboxes\Data Management Tools.tbx\Rename" Date="20210907" Time="132339">Rename "C:\Users\andolson\OneDrive - CoreLogic Solutions, LLC\Documents\WORKING\WildFire\AI_Images\FirebreakData\QGIS\CAFirebreak_JPG_Footprints.shp" "C:\Users\andolson\OneDrive - CoreLogic Solutions, LLC\Documents\WORKING\WildFire\AI_Images\FirebreakData\QGIS\CA_ML_Image_Footprints.shp" ShapeFile</Process></lineage><copyHistory><copy source="D:\work\Tyler\Firebreak\FIREbreak 2021 Q2\Data\Firebreak_2021_06_CA_Internal" dest="\\SPSQN1PPTRMSV06\D$\work\Tyler\Firebreak\FIREbreak 2021 Q2\Internal\Firebreak_2021_06_CA_Internal" date="20210630" time="11200100"></copy></copyHistory></DataProperties><SyncDate>20210907</SyncDate><SyncTime>12490200</SyncTime><ModDate>20210907</ModDate><ModTime>12490200</ModTime></Esri><dataIdInfo><envirDesc Sync="TRUE">Microsoft Windows 10 Version 10.0 (Build 17763) ; Esri ArcGIS 12.4.0.19948</envirDesc><dataLang><languageCode value="eng" Sync="TRUE"></languageCode><countryCode value="USA" Sync="TRUE"></countryCode></dataLang><idCitation><resTitle Sync="TRUE">CA_ML_Image_Footprints</resTitle><presForm><PresFormCd value="005" Sync="TRUE"></PresFormCd></presForm></idCitation><spatRpType><SpatRepTypCd value="001" Sync="TRUE"></SpatRepTypCd></spatRpType></dataIdInfo><mdLang><languageCode value="eng" Sync="TRUE"></languageCode><countryCode value="USA" Sync="TRUE"></countryCode></mdLang><distInfo><distFormat><formatName Sync="TRUE">Shapefile</formatName></distFormat><distTranOps><transSize Sync="TRUE">0.000</transSize></distTranOps></distInfo><mdHrLv><ScopeCd value="005" Sync="TRUE"></ScopeCd></mdHrLv><mdHrLvName Sync="TRUE">dataset</mdHrLvName><refSysInfo><RefSystem><refSysID><identCode code="4326" Sync="TRUE"></identCode><idCodeSpace Sync="TRUE">EPSG</idCodeSpace><idVersion Sync="TRUE">6.14(3.0.1)</idVersion></refSysID></RefSystem></refSysInfo><spatRepInfo><VectSpatRep><geometObjs Name="CA_ML_Image_Footprints"><geoObjTyp><GeoObjTypCd value="002" Sync="TRUE"></GeoObjTypCd></geoObjTyp><geoObjCnt Sync="TRUE">0</geoObjCnt></geometObjs><topLvl><TopoLevCd value="001" Sync="TRUE"></TopoLevCd></topLvl></VectSpatRep></spatRepInfo><spdoinfo><ptvctinf><esriterm Name="CA_ML_Image_Footprints"><efeatyp Sync="TRUE">Simple</efeatyp><efeageom code="4" Sync="TRUE"></efeageom><esritopo Sync="TRUE">FALSE</esritopo><efeacnt Sync="TRUE">0</efeacnt><spindex Sync="TRUE">FALSE</spindex><linrefer Sync="TRUE">FALSE</linrefer></esriterm></ptvctinf></spdoinfo><eainfo><detailed Name="CA_ML_Image_Footprints"><enttyp><enttypl Sync="TRUE">CA_ML_Image_Footprints</enttypl><enttypt Sync="TRUE">Feature Class</enttypt><enttypc Sync="TRUE">0</enttypc></enttyp><attr><attrlabl Sync="TRUE">FID</attrlabl><attalias Sync="TRUE">FID</attalias><attrtype Sync="TRUE">OID</attrtype><attwidth Sync="TRUE">4</attwidth><atprecis Sync="TRUE">0</atprecis><attscale Sync="TRUE">0</attscale><attrdef Sync="TRUE">Internal feature number.</attrdef><attrdefs Sync="TRUE">Esri</attrdefs><attrdomv><udom Sync="TRUE">Sequential unique whole numbers that are automatically generated.</udom></attrdomv></attr><attr><attrlabl Sync="TRUE">Shape</attrlabl><attalias Sync="TRUE">Shape</attalias><attrtype Sync="TRUE">Geometry</attrtype><attwidth Sync="TRUE">0</attwidth><atprecis Sync="TRUE">0</atprecis><attscale Sync="TRUE">0</attscale><attrdef Sync="TRUE">Feature geometry.</attrdef><attrdefs Sync="TRUE">Esri</attrdefs><attrdomv><udom Sync="TRUE">Coordinates defining the features.</udom></attrdomv></attr><attr><attrlabl Sync="TRUE">STATE</attrlabl><attalias Sync="TRUE">STATE</attalias><attrtype Sync="TRUE">String</attrtype><attwidth Sync="TRUE">30</attwidth><atprecis Sync="TRUE">0</atprecis><attscale Sync="TRUE">0</attscale></attr><attr><attrlabl Sync="TRUE">BREAK_NAME</attrlabl><attalias Sync="TRUE">BREAK_NAME</attalias><attrtype Sync="TRUE">String</attrtype><attwidth Sync="TRUE">30</attwidth><atprecis Sync="TRUE">0</atprecis><attscale Sync="TRUE">0</attscale></attr><attr><attrlabl Sync="TRUE">RISK_VALUE</attrlabl><attalias Sync="TRUE">RISK_VALUE</attalias><attrtype Sync="TRUE">Integer</attrtype><attwidth Sync="TRUE">10</attwidth><atprecis Sync="TRUE">10</atprecis><attscale Sync="TRUE">0</attscale></attr><attr><attrlabl Sync="TRUE">AOI_Name</attrlabl><attalias Sync="TRUE">AOI_Name</attalias><attrtype Sync="TRUE">String</attrtype><attwidth Sync="TRUE">254</attwidth><atprecis Sync="TRUE">0</atprecis><attscale Sync="TRUE">0</attscale></attr><attr><attrlabl Sync="TRUE">AI_ID</attrlabl><attalias Sync="TRUE">AI_ID</attalias><attrtype Sync="TRUE">Integer</attrtype><attwidth Sync="TRUE">10</attwidth><atprecis Sync="TRUE">10</atprecis><attscale Sync="TRUE">0</attscale></attr><attr><attrlabl Sync="TRUE">Id</attrlabl><attalias Sync="TRUE">Id</attalias><attrtype Sync="TRUE">Integer</attrtype><attwidth Sync="TRUE">10</attwidth><atprecis Sync="TRUE">10</atprecis><attscale Sync="TRUE">0</attscale></attr><attr><attrlabl Sync="TRUE">Shape_Leng</attrlabl><attalias Sync="TRUE">Shape_Leng</attalias><attrtype Sync="TRUE">Double</attrtype><attwidth Sync="TRUE">19</attwidth><atprecis Sync="TRUE">0</atprecis><attscale Sync="TRUE">0</attscale></attr><attr><attrlabl Sync="TRUE">Shape_Area</attrlabl><attalias Sync="TRUE">Shape_Area</attalias><attrtype Sync="TRUE">Double</attrtype><attwidth Sync="TRUE">19</attwidth><atprecis Sync="TRUE">0</atprecis><attscale Sync="TRUE">0</attscale><attrdef Sync="TRUE">Area of feature in internal units squared.</attrdef><attrdefs Sync="TRUE">Esri</attrdefs><attrdomv><udom Sync="TRUE">Positive real numbers that are automatically generated.</udom></attrdomv></attr></detailed></eainfo><mdDateSt Sync="TRUE">20210907</mdDateSt></metadata>
